name,CMC,Type,Color,Set,Collector Number,Rarity,Color Category,status,Finish,board,maybeboard,image URL,image Back URL,tags,Notes,MTGO ID,Custom,Voucher
Esper Sentinel,1,Artifact Creature — Human Soldier,W,PLST,MH2-12,Rare,White,Not Owned,Non-Foil,mainboard,false,https://cards.scryfall.io/normal/front/9/4/9415defa-ea35-454e-993b-3afd5776b7db.jpg?1700657085,,,,,false,false
Giver of Runes,1,Creature — Kor Cleric,W,MB2,147,Rare,White,Not Owned,Non-Foil,mainboard,false,https://cards.scryfall.io/normal/front/5/a/5adb3391-06cc-4fd2-9e72-a3500940b450.jpg?1723220528,,,,,false,false
Guide of Souls,1,Creature — Human Cleric,W,MH3,29,Rare,White,Not Owned,Non-Foil,mainboard,false,https://cards.scryfall.io/normal/front/7/6/76c3cad2-1e25-4abe-878d-9194de6fcc27.jpg?1763472842,,,,,false,false
Mother of Runes,1,Creature — Human Cleric,W,PLST,ULG-14,Uncommon,White,Not Owned,Non-Foil,mainboard,false,https://cards.scryfall.io/normal/front/6/f/6f07a7f2-5221-45ef-b8d6-d9d18c882806.jpg?1723444269,,,,,false,false
Thraben Inspector,1,Creature — Human Soldier,W,SOI,44,Common,White,Not Owned,Non-Foil,mainboard,false,https://cards.scryfall.io/normal/front/d/1/d140c3b7-ca78-483d-baeb-307b624fea8b.jpg?1576383936,,,,,false,false
Charismatic Conqueror,2,Creature — Vampire Soldier,W,LCC,70,Rare,White,Not Owned,Non-Foil,mainboard,false,https://cards.scryfall.io/normal/front/5/9/599c934d-bfff-43ce-a545-6e3cde124515.jpg?1698987939,,,,,false,false
Charming Prince,2,Creature — Human Noble,W,ELD,8,Rare,White,Not Owned,Non-Foil,mainboard,false,https://cards.scryfall.io/normal/front/d/c/dcb94950-3f3e-4876-84f8-d5e4d9cfecee.jpg?1572489646,,,,,false,false
Jacked Rabbit,2,Creature — Rabbit Warrior,W,BLC,9,Rare,White,Not Owned,Non-Foil,mainboard,false,https://cards.scryfall.io/normal/front/2/c/2c695df6-6bf2-4e6b-8500-e3116137ca27.jpg?1721428172,,,,,false,false
Lion Sash,2,Artifact Creature — Equipment Cat,W,NEO,26,Rare,White,Not Owned,Non-Foil,mainboard,false,https://cards.scryfall.io/normal/front/3/e/3e1766e9-2fa7-4446-a255-7beea1467ece.jpg?1654566400,,,,,false,false
Luminarch Aspirant,2,Creature — Human Cleric,W,ZNR,24,Rare,White,Not Owned,Non-Foil,mainboard,false,https://cards.scryfall.io/normal/front/f/e/fe964e7e-e2c5-4263-889d-0a531eb51442.jpg?1639436761,,,,,false,false
"Phelia, Exuberant Shepherd",2,Legendary Creature — Dog,W,MH3,364,Rare,White,Not Owned,Non-Foil,mainboard,false,https://cards.scryfall.io/normal/front/9/5/95505d46-fc4f-4e2d-8e08-380d392b74a4.jpg?1719466227,,,,,false,false
Selfless Spirit,2,Creature — Spirit Cleric,W,EMN,40,Rare,White,Not Owned,Non-Foil,mainboard,false,https://cards.scryfall.io/normal/front/a/4/a4624976-3773-4a1e-b725-5f6efce147a5.jpg?1576383969,,,,,false,false
Spirited Companion,2,Enchantment Creature — Dog,W,NEO,38,Common,White,Not Owned,Non-Foil,mainboard,false,https://cards.scryfall.io/normal/front/5/a/5aa91a9e-2fe2-43bc-aa9c-cfb8a71829ff.jpg?1654566520,,,,,false,false
Stoneforge Mystic,2,Creature — Kor Artificer,W,WWK,20,Rare,White,Not Owned,Non-Foil,mainboard,false,https://cards.scryfall.io/normal/front/1/9/19557351-b65f-4b04-b971-66abdc07000a.jpg?1566819710,,,,,false,false
Blade Splicer,3,Creature — Phyrexian Human Artificer,W,NPH,4,Rare,White,Not Owned,Non-Foil,mainboard,false,https://cards.scryfall.io/normal/front/b/8/b8e56a28-713b-4a13-a601-1128cf117539.jpg?1562880986,,,,,false,false
Flickerwisp,3,Creature — Elemental,W,EVE,6,Uncommon,White,Not Owned,Non-Foil,mainboard,false,https://cards.scryfall.io/normal/front/5/b/5bb3cb5c-8d66-4f5e-a9a9-917e6045f024.jpg?1562914144,,,,,false,false
Inspiring Overseer,3,Creature — Angel Cleric,W,SNC,18,Common,White,Not Owned,Non-Foil,mainboard,false,https://cards.scryfall.io/normal/front/3/5/35d9da1d-8678-4252-b0f8-9960795642f0.jpg?1664409748,,,,,false,false
Loran of the Third Path,3,Legendary Creature — Human Artificer,W,BRO,12,Rare,White,Not Owned,Non-Foil,mainboard,false,https://cards.scryfall.io/normal/front/5/9/59faa45d-868b-4bc7-934c-0e077642e129.jpg?1674420209,,,,,false,false
Monastery Mentor,3,Creature — Human Monk,W,FRF,20,Mythic,White,Not Owned,Non-Foil,mainboard,false,https://cards.scryfall.io/normal/front/a/b/abcd0e32-2e6b-419b-9e8a-af38f2b48a66.jpg?1562828716,,,,,false,false
Skyclave Apparition,3,Creature — Kor Spirit,W,ZNR,39,Rare,White,Not Owned,Non-Foil,mainboard,false,https://cards.scryfall.io/normal/front/b/8/b83cfbaa-7890-4f6f-878b-4edb45677371.jpg?1604193295,,,,,false,false
Welcoming Vampire,3,Creature — Vampire,W,VOW,46,Rare,White,Not Owned,Non-Foil,mainboard,false,https://cards.scryfall.io/normal/front/d/8/d8f69cea-823c-482b-a605-8138b3d950e6.jpg?1643587406,,,,,false,false
"Beza, the Bounding Spring",4,Legendary Creature — Elemental Elk,W,BLB,2,Mythic,White,Not Owned,Non-Foil,mainboard,false,https://cards.scryfall.io/normal/front/f/c/fc310a26-b6a0-4e42-98ab-bdfd7b06cb63.jpg?1721425768,,,,,false,false
Keeper of the Accord,4,Creature — Human Soldier,W,CMR,27,Rare,White,Not Owned,Non-Foil,mainboard,false,https://cards.scryfall.io/normal/front/3/7/37eec618-2c3d-423b-bbb7-72ef7deb38fc.jpg?1608908831,,,,,false,false
Luminous Broodmoth,4,Creature — Insect,W,IKO,21,Mythic,White,Not Owned,Non-Foil,mainboard,false,https://cards.scryfall.io/normal/front/b/b/bb65df55-d6a6-4a57-a903-e5eb17637982.jpg?1591230310,,,,,false,false
"Mangara, the Diplomat",4,Legendary Creature — Human Cleric,W,M21,27,Mythic,White,Not Owned,Non-Foil,mainboard,false,https://cards.scryfall.io/normal/front/9/b/9b4e628f-5fc5-4c17-a07d-448d361d7e7c.jpg?1594735076,,,,,false,false
"Mondrak, Glory Dominus",4,Legendary Creature — Phyrexian Horror,W,ONE,23,Mythic,White,Not Owned,Non-Foil,mainboard,false,https://cards.scryfall.io/normal/front/8/2/8296a455-21d5-498e-9029-2bdf0da855a8.jpg?1675956918,,,,,false,false
"Myrel, Shield of Argive",4,Legendary Creature — Human Soldier,W,BRO,18,Mythic,White,Not Owned,Non-Foil,mainboard,false,https://cards.scryfall.io/normal/front/e/6/e632ed57-bb00-4493-adef-7b4805edd7ea.jpg?1674420256,,,,,false,false
Palace Jailer,4,Creature — Human Soldier,W,CN2,18,Uncommon,White,Not Owned,Non-Foil,mainboard,false,https://cards.scryfall.io/normal/front/7/8/78cef262-c753-4658-b3ec-fec8db47f944.jpg?1576381600,,,,,false,false
"Preston, the Vanisher",4,Legendary Creature — Rabbit Wizard,W,J22,8,Rare,White,Not Owned,Non-Foil,mainboard,false,https://cards.scryfall.io/normal/front/9/5/952cb0b3-a6b7-4279-8833-3d8890b2d005.jpg?1675644393,,,,,false,false
Restoration Angel,4,Creature — Angel,W,AVR,32,Rare,White,Not Owned,Non-Foil,mainboard,false,https://cards.scryfall.io/normal/front/c/2/c2ad8639-e586-47f4-baca-2a1af5aa281b.jpg?1592708380,,,,,false,false
Boss's Chauffeur,5,Creature — Elf Citizen,W,NCC,13,Rare,White,Not Owned,Non-Foil,mainboard,false,https://cards.scryfall.io/normal/front/1/4/147a0ccf-3408-48c7-b4a8-6d81aed39f18.jpg?1673481750,,,,,false,false
"Elesh Norn, Mother of Machines",5,Legendary Creature — Phyrexian Praetor,W,ONE,10,Mythic,White,Not Owned,Non-Foil,mainboard,false,https://cards.scryfall.io/normal/front/4/4/44dcab01-1d13-4dfc-ae2f-fbaa3dd35087.jpg?1722108717,,,,,false,false
Geist-Honored Monk,5,Creature — Human Monk,W,ISD,17,Rare,White,Not Owned,Non-Foil,mainboard,false,https://cards.scryfall.io/normal/front/5/d/5d51355e-55fa-43bb-a5de-fc55ac7b6446.jpg?1562830901,,,,,false,false
Wingmate Roc,5,Creature — Bird,W,KTK,31,Mythic,White,Not Owned,Non-Foil,mainboard,false,https://cards.scryfall.io/normal/front/2/5/25f0f6a2-b392-45e6-97c4-4f00016144d3.jpg?1562783827,,,,,false,false
Harmonious Archon,6,Creature — Archon,W,ELD,17,Mythic,White,Not Owned,Non-Foil,mainboard,false,https://cards.scryfall.io/normal/front/c/7/c7093834-9627-4da2-9322-c03bfd5b3a71.jpg?1572489703,,,,,false,false
Sun Titan,6,Creature — Giant,W,M11,35,Mythic,White,Not Owned,Non-Foil,mainboard,false,https://cards.scryfall.io/normal/front/d/8/d8db2b8e-dce9-49b7-833f-381ee55288cb.jpg?1562477599,,,,,false,false
Angel of Serenity,7,Creature — Angel,W,RTR,1,Mythic,White,Not Owned,Non-Foil,mainboard,false,https://cards.scryfall.io/normal/front/f/1/f10d82f7-7759-457e-a9bb-f9a5bd968f82.jpg?1562795279,,,,,false,false
Angel of the Ruins,7,Artifact Creature — Angel,W,C21,11,Rare,White,Not Owned,Non-Foil,mainboard,false,https://cards.scryfall.io/normal/front/e/a/ea96229a-5c33-4f79-97d4-059947dd7617.jpg?1625190839,,,,,false,false
"Elesh Norn, Grand Cenobite",7,Legendary Creature — Phyrexian Praetor,W,NPH,9,Mythic,White,Not Owned,Non-Foil,mainboard,false,https://cards.scryfall.io/normal/front/b/6/b66390d6-1649-4bfa-92d3-77664650d552.jpg?1562880933,,,,,false,false
Ajani Steadfast,4,Legendary Planeswalker — Ajani,W,M15,1,Mythic,White,Not Owned,Non-Foil,mainboard,false,https://cards.scryfall.io/normal/front/f/9/f9302ba8-7ff2-4eaa-a32d-eedd94f0bb79.jpg?1562797301,,,,,false,false
"Elspeth, Sun's Champion",6,Legendary Planeswalker — Elspeth,W,THS,9,Mythic,White,Not Owned,Non-Foil,mainboard,false,https://cards.scryfall.io/normal/front/f/d/fd5b1633-c41d-42b1-af1b-4a872077ffbd.jpg?1562839369,,,,,false,false
Condemn,1,Instant,W,DIS,8,Uncommon,White,Not Owned,Non-Foil,mainboard,false,https://cards.scryfall.io/normal/front/5/8/58d4f5a0-b2d0-4a60-b1e1-bb2140abfd6d.jpg?1593272482,,,,,false,false
Enlightened Tutor,1,Instant,W,MIR,14,Uncommon,White,Not Owned,Non-Foil,mainboard,false,https://cards.scryfall.io/normal/front/c/b/cbac1d27-15e2-4e2f-82ab-625a16e096cb.jpg?1764758757,,,,,false,false
Ephemerate,1,Instant,W,MH1,7,Common,White,Not Owned,Non-Foil,mainboard,false,https://cards.scryfall.io/normal/front/2/d/2da5f3f8-5eef-498f-ba2c-2f3fbc3745aa.jpg?1562201088,,,,,false,false
Path to Exile,1,Instant,W,CON,15,Uncommon,White,Not Owned,Non-Foil,mainboard,false,https://cards.scryfall.io/normal/front/2/9/29b7a8b1-b98e-483a-87a4-73bd831c03d4.jpg?1562800119,,,,,false,false
Swords to Plowshares,1,Instant,W,LEA,40,Uncommon,White,Not Owned,Non-Foil,mainboard,false,https://cards.scryfall.io/normal/front/3/8/386ea9eb-abc1-4862-aa2d-8fb808d79490.jpg?1559591299,,,,,false,false
Fateful Absence,2,Instant,W,MID,18,Rare,White,Not Owned,Non-Foil,mainboard,false,https://cards.scryfall.io/normal/front/e/c/eca8d6f8-c6f1-437c-99e2-4281eae14a6f.jpg?1634346819,,,,,false,false
Reprieve,2,Instant,W,LTR,26,Uncommon,White,Not Owned,Non-Foil,mainboard,false,https://cards.scryfall.io/normal/front/1/b/1bd3fa8a-6c50-4f7f-9ae3-0810eec5e3db.jpg?1686967885,,,,,false,false
Flawless Maneuver,3,Instant,W,C20,26,Rare,White,Not Owned,Non-Foil,mainboard,false,https://cards.scryfall.io/normal/front/c/9/c972abe6-c732-4745-bde4-8b51698f05be.jpg?1690817873,,,,,false,false
Generous Gift,3,Instant,W,MH1,11,Uncommon,White,Not Owned,Non-Foil,mainboard,false,https://cards.scryfall.io/normal/front/9/8/983f4711-20a8-4023-8201-9a74deab10be.jpg?1562201112,,,,,false,false
Stroke of Midnight,3,Instant,W,WOE,33,Uncommon,White,Not Owned,Non-Foil,mainboard,false,https://cards.scryfall.io/normal/front/2/8/289ba7ec-e30e-436f-b8d4-c88b65ecd137.jpg?1692936759,,,,,false,false
Teferi's Protection,3,Instant,W,C17,8,Rare,White,Not Owned,Non-Foil,mainboard,false,https://cards.scryfall.io/normal/front/7/7/77f130c7-0138-4a1a-9f67-62d2c302dc48.jpg?1579814165,,,,,false,false
Akroma's Will,4,Instant,W,CMR,3,Rare,White,Not Owned,Non-Foil,mainboard,false,https://cards.scryfall.io/normal/front/c/2/c281997b-1566-4469-a14c-6645f81ab023.jpg?1608908650,,,,,false,false
Sevinne's Reclamation,3,Sorcery,W,C19,5,Rare,White,Not Owned,Non-Foil,mainboard,false,https://cards.scryfall.io/normal/front/7/e/7e68f4df-88ce-4e09-a03c-7edf40bff167.jpg?1568003378,,,,,false,false
Cleansing Nova,5,Sorcery,W,M19,9,Rare,White,Not Owned,Non-Foil,mainboard,false,https://cards.scryfall.io/normal/front/5/b/5be8eed7-c033-42cc-bd21-4512db7af66c.jpg?1562302239,,,,,false,false
Settle Beyond Reality,5,Sorcery,W,MH1,27,Common,White,Not Owned,Non-Foil,mainboard,false,https://cards.scryfall.io/normal/front/7/2/72ed8e57-61bb-4e89-9484-ff2be800a449.jpg?1562201215,,,,,false,false
Austere Command,6,Sorcery,W,LRW,3,Rare,White,Not Owned,Non-Foil,mainboard,false,https://cards.scryfall.io/normal/front/8/e/8ee73fe8-d52b-43bb-ab91-5545192be676.jpg?1562357897,,,,,false,false
Farewell,6,Sorcery,W,PIP,353,Rare,White,Not Owned,Non-Foil,mainboard,false,https://cards.scryfall.io/normal/front/6/3/634dd945-e362-4aea-ba29-326b1b6a2004.jpg?1708743634,,,,,false,false
Collector's Cage,2,Artifact,W,BIG,1,Mythic,White,Not Owned,Non-Foil,mainboard,false,https://cards.scryfall.io/normal/front/a/3/a33703bb-51c0-4d57-9d06-1148507ddc4f.jpg?1739804143,,,,,false,false
Horn of Valhalla,2,Artifact — Equipment,W,CLB,26,Rare,White,Not Owned,Non-Foil,mainboard,false,https://cards.scryfall.io/normal/front/b/2/b2419408-e907-4d62-b158-c97afc388c04.jpg?1674135109,,,,,false,false
Land Tax,1,Enchantment,W,CMM,37,Mythic,White,Not Owned,Non-Foil,mainboard,false,https://cards.scryfall.io/normal/front/9/2/9258ad10-cbe6-4676-93b4-6ef4a33f12ee.jpg?1689995812,,,,,false,false
Blind Obedience,2,Enchantment,W,RVR,9,Rare,White,Not Owned,Non-Foil,mainboard,false,https://cards.scryfall.io/normal/front/d/8/d859e1f9-feb3-497a-af0b-f74fee46861f.jpg?1702429264,,,,,false,false
Banishing Light,3,Enchantment,W,FDN,138,Common,White,Not Owned,Non-Foil,mainboard,false,https://cards.scryfall.io/normal/front/e/3/e38dc3b3-1629-491b-8afd-0e7a9a857713.jpg?1732131144,,,,,false,false
Grasp of Fate,3,Enchantment,W,C15,3,Rare,White,Not Owned,Non-Foil,mainboard,false,https://cards.scryfall.io/normal/front/4/2/42e1e595-4000-4c89-a2cd-dbaec25baa71.jpg?1562703633,,,,,false,false
Tocasia's Welcome,3,Enchantment,W,BRO,30,Rare,White,Not Owned,Non-Foil,mainboard,false,https://cards.scryfall.io/normal/front/5/6/56cd89f1-f9f4-4cb5-a573-79809d0b6dfd.jpg?1674420350,,,,,false,false
Anointed Procession,4,Enchantment,W,AKH,2,Rare,White,Not Owned,Non-Foil,mainboard,false,https://cards.scryfall.io/normal/front/9/a/9a52c265-6920-4929-ba0a-70da08df01f1.jpg?1543674565,,,,,false,false
Cast Out,4,Enchantment,W,AKH,8,Uncommon,White,Not Owned,Non-Foil,mainboard,false,https://cards.scryfall.io/normal/front/7/6/76ff0dd0-489e-4773-93f6-b77fc3b8ef2e.jpg?1543674606,,,,,false,false
Felidar Retreat,4,Enchantment,W,ZNR,16,Rare,White,Not Owned,Non-Foil,mainboard,false,https://cards.scryfall.io/normal/front/4/5/45340647-4d3e-4be1-b0e6-e40cc56a438b.jpg?1604195832,,,,,false,false
Teleportation Circle,4,Enchantment,W,AFR,39,Rare,White,Not Owned,Non-Foil,mainboard,false,https://cards.scryfall.io/normal/front/9/0/90140bc0-4a9c-4422-b07c-3400c7ccde56.jpg?1627702592,,,,,false,false
Cathars' Crusade,5,Enchantment,W,INR,17,Rare,White,Not Owned,Non-Foil,mainboard,false,https://cards.scryfall.io/normal/front/5/2/5296e353-2efc-4d72-a877-7957eff630b9.jpg?1736467489,,,,,false,false
Murmuration,5,Enchantment,W,BLC,10,Rare,White,Not Owned,Non-Foil,mainboard,false,https://cards.scryfall.io/normal/front/5/6/561c9c4e-942e-40e8-b5f2-ac709a502f18.jpg?1721428175,,,,,false,false
Valkyrie's Call,5,Enchantment,W,FDN,27,Mythic,White,Not Owned,Non-Foil,mainboard,false,https://cards.scryfall.io/normal/front/0/e/0e1f1ff2-fa8f-4d38-b631-2d6e08e614c8.jpg?1730488689,,,,,false,false
Virtue of Loyalty,5,Enchantment,W,WOE,38,Mythic,White,Not Owned,Non-Foil,mainboard,false,https://cards.scryfall.io/normal/front/e/a/ea7e7daf-7c06-4c74-8bcf-e42c1f611861.jpg?1692936837,,,,,false,false
Siren Stormtamer,1,Creature — Siren Pirate Wizard,U,XLN,79,Uncommon,Blue,Not Owned,Non-Foil,mainboard,false,https://cards.scryfall.io/normal/front/7/2/72f7375c-2d9b-4738-b539-00e1949980e7.jpg?1562557567,,,,,false,false
Spyglass Siren,1,Creature — Siren Pirate,U,LCI,78,Uncommon,Blue,Not Owned,Non-Foil,mainboard,false,https://cards.scryfall.io/normal/front/4/1/41e54343-95e5-4dc4-9f18-e4a415fe5e0a.jpg?1699043946,,,,,false,false
Gilded Drake,2,Creature — Drake,U,USG,76,Rare,Blue,Not Owned,Non-Foil,mainboard,false,https://cards.scryfall.io/normal/front/8/d/8de3fdae-cc2c-4a14-b15b-4fe1a983dfbf.jpg?1562924943,,,,,false,false
Pollywog Prodigy,2,Creature — Frog Wizard,U,BLC,15,Rare,Blue,Not Owned,Non-Foil,mainboard,false,https://cards.scryfall.io/normal/front/9/4/94a020df-714b-4465-bfa2-ac15f27d8412.jpg?1721428202,,,,,false,false
Snapcaster Mage,2,Creature — Human Wizard,U,ISD,78,Rare,Blue,Not Owned,Non-Foil,mainboard,false,https://cards.scryfall.io/normal/front/9/e/9e5b279e-4670-4a1e-87d0-3cab7e4f9e58.jpg?1562834679,,,,,false,false
Thunderclap Drake,2,Creature — Drake,U,OTC,17,Rare,Blue,Not Owned,Non-Foil,mainboard,false,https://cards.scryfall.io/normal/front/4/8/4867e49b-ec5d-47df-bdc7-1211f97868c8.jpg?1712353797,,,,,false,false
Aether Channeler,3,Creature — Human Wizard,U,DMU,42,Rare,Blue,Not Owned,Non-Foil,mainboard,false,https://cards.scryfall.io/normal/front/6/0/60afeb75-2c1e-4634-8c83-88b1dddb77c2.jpg?1673306655,,,,,false,false
Champion of Wits,3,Creature — Snake Wizard,U,HOU,31,Rare,Blue,Not Owned,Non-Foil,mainboard,false,https://cards.scryfall.io/normal/front/d/7/d765221d-9718-47eb-aa49-9c0719337139.jpg?1562816531,,,,,false,false
Chasm Skulker,3,Creature — Squid Horror,U,M15,46,Rare,Blue,Not Owned,Non-Foil,mainboard,false,https://cards.scryfall.io/normal/front/1/3/13cf5b23-9427-4313-8af8-abf2f3800948.jpg?1562782934,,,,,false,false
Haughty Djinn,3,Creature — Djinn,U,DMU,52,Rare,Blue,Not Owned,Non-Foil,mainboard,false,https://cards.scryfall.io/normal/front/3/5/35095a68-b7c0-4805-b0b6-6ca15a338692.jpg?1673306736,,,,,false,false
"Kiora, the Rising Tide",3,Legendary Creature — Merfolk Noble,U,FDN,45,Rare,Blue,Not Owned,Non-Foil,mainboard,false,https://cards.scryfall.io/normal/front/8/3/83f20a32-9f5d-4a68-8995-549e57554da2.jpg?1730488754,,,,,false,false
Steamcore Scholar,3,Creature — Weird Detective,U,MKM,71,Rare,Blue,Not Owned,Non-Foil,mainboard,false,https://cards.scryfall.io/normal/front/6/b/6bbf7394-9b17-45f8-a25b-d865e8452b2c.jpg?1706241651,,,,,false,false
Amphin Mutineer,4,Creature — Salamander Pirate,U,CMR,55,Rare,Blue,Not Owned,Non-Foil,mainboard,false,https://cards.scryfall.io/normal/front/c/7/c7be9d06-3651-47f4-9e44-00ecd4a15e3c.jpg?1616446996,,,,,false,false
Archmage Emeritus,4,Creature — Human Wizard,U,STX,37,Rare,Blue,Not Owned,Non-Foil,mainboard,false,https://cards.scryfall.io/normal/front/7/6/761df6cd-0928-4167-8902-58fdb50181a0.jpg?1624589970,,,,,false,false
Faerie Artisans,4,Creature — Faerie Artificer,U,C16,8,Rare,Blue,Not Owned,Non-Foil,mainboard,false,https://cards.scryfall.io/normal/front/f/f/ff05c503-2536-48f5-a639-480614a2e5f8.jpg?1562427705,,,,,false,false
Murmuring Mystic,4,Creature — Human Wizard,U,GRN,45,Uncommon,Blue,Not Owned,Non-Foil,mainboard,false,https://cards.scryfall.io/normal/front/5/f/5fc6adff-dcb3-456d-a8c2-0e77b784ff89.jpg?1572892777,,,,,false,false
Phyrexian Metamorph,4,Artifact Creature — Phyrexian Shapeshifter,U,NPH,42,Rare,Blue,Not Owned,Non-Foil,mainboard,false,https://cards.scryfall.io/normal/front/d/2/d2e27911-87cb-49a0-a34f-6afe4bddd592.jpg?1562881786,,,,,false,false
Reef Worm,4,Creature — Worm,U,C14,16,Rare,Blue,Not Owned,Non-Foil,mainboard,false,https://cards.scryfall.io/normal/front/b/3/b35e03a9-73e7-4577-a544-d39470678c76.jpg?1561955200,,,,,false,false
Sphinx of Forgotten Lore,4,Creature — Sphinx,U,FDN,51,Mythic,Blue,Not Owned,Non-Foil,mainboard,false,https://cards.scryfall.io/normal/front/a/f/af6e46b8-62ed-4bca-ba38-a821f225b59f.jpg?1730488774,,,,,false,false
"Talrand, Sky Summoner",4,Legendary Creature — Merfolk Wizard,U,M13,72,Rare,Blue,Not Owned,Non-Foil,mainboard,false,https://cards.scryfall.io/normal/front/b/c/bc1a6867-921d-4912-afae-c3c445ad81e7.jpg?1562559302,,,,,false,false
Whirler Rogue,4,Creature — Human Rogue Artificer,U,ORI,83,Uncommon,Blue,Not Owned,Non-Foil,mainboard,false,https://cards.scryfall.io/normal/front/0/f/0feb66d2-c50f-4296-af2f-b374c57443b0.jpg?1562007460,,,,,false,false
Mulldrifter,5,Creature — Elemental,U,LRW,76,Common,Blue,Not Owned,Non-Foil,mainboard,false,https://cards.scryfall.io/normal/front/a/9/a97cfefa-ade7-49f6-b2aa-1118b9db4935.jpg?1562362394,,,,,false,false
Consecrated Sphinx,6,Creature — Sphinx,U,2X2,43,Mythic,Blue,Not Owned,Non-Foil,mainboard,false,https://cards.scryfall.io/normal/front/c/9/c9bd60fc-2777-44bc-b314-a792e8e48360.jpg?1745319941,,,,,false,false
Sphinx of Enlightenment,6,Creature — Sphinx,U,GN2,2,Mythic,Blue,Not Owned,Non-Foil,mainboard,false,https://cards.scryfall.io/normal/front/0/f/0faa9eea-fbf1-41f7-9def-1ec3d5134a53.jpg?1576267137,,,,,false,false
Torrential Gearhulk,6,Artifact Creature — Construct,U,KLD,67,Mythic,Blue,Not Owned,Non-Foil,mainboard,false,https://cards.scryfall.io/normal/front/d/5/d52868cb-087e-4f91-91bc-455f2e2e7cd7.jpg?1576381464,,,,,false,false
Diluvian Primordial,7,Creature — Avatar,U,GTC,33,Rare,Blue,Not Owned,Non-Foil,mainboard,false,https://cards.scryfall.io/normal/front/0/b/0b7c34af-91de-44c6-a3e2-f48dbb0ce9fd.jpg?1561815273,,,,,false,false
Hullbreaker Horror,7,Creature — Kraken Horror,U,INR,68,Rare,Blue,Not Owned,Non-Foil,mainboard,false,https://cards.scryfall.io/normal/front/1/3/137acb70-a1fd-4ea9-a5d9-f4b438eb5e82.jpg?1736467749,,,,,false,false
Scholar of the Lost Trove,7,Creature — Sphinx,U,JMP,14,Rare,Blue,Not Owned,Non-Foil,mainboard,false,https://cards.scryfall.io/normal/front/a/a/aa254a86-3c30-408d-9c14-befd472f9740.jpg?1770635117,,,,,false,false
Thought Monitor,7,Artifact Creature — Construct,U,MH2,71,Rare,Blue,Not Owned,Non-Foil,mainboard,false,https://cards.scryfall.io/normal/front/9/9/996c1952-8d10-4296-8960-ff8993833649.jpg?1626095167,,,,,false,false
"Narset, Parter of Veils",3,Legendary Planeswalker — Narset,U,WAR,61,Uncommon,Blue,Not Owned,Non-Foil,mainboard,false,https://cards.scryfall.io/normal/front/8/c/8c39f9b4-02b9-4d44-b8d6-4fd02ebbb0c5.jpg?1574294103,,,,,false,false
"Jace, the Mind Sculptor",4,Legendary Planeswalker — Jace,U,WWK,31,Mythic,Blue,Not Owned,Non-Foil,mainboard,false,https://cards.scryfall.io/normal/front/0/e/0e606072-a3aa-4300-ba90-ec92a721fa76.jpg?1562281841,,,,,false,false
An Offer You Can't Refuse,1,Instant,U,SNC,51,Uncommon,Blue,Not Owned,Non-Foil,mainboard,false,https://cards.scryfall.io/normal/front/b/9/b9d349f3-5be2-4b1f-a4c3-ba94822cf0cf.jpg?1664410382,,,,,false,false
Brainstorm,1,Instant,U,ICE,61,Common,Blue,Not Owned,Non-Foil,mainboard,false,https://cards.scryfall.io/normal/front/8/d/8d42d7aa-7f53-4cfc-842a-086aab2448d1.jpg?1616400136,,,,,false,false
Consider,1,Instant,U,MID,44,Common,Blue,Not Owned,Non-Foil,mainboard,false,https://cards.scryfall.io/normal/front/a/2/a211d505-4d40-4914-a9da-220770d6ddbc.jpg?1665819309,,,,,false,false
Opt,1,Instant,U,INV,64,Common,Blue,Not Owned,Non-Foil,mainboard,false,https://cards.scryfall.io/normal/front/9/5/958262ec-8e52-40cf-a9fd-a60e42643e15.jpg?1595075944,,,,,false,false
Rapid Hybridization,1,Instant,U,GTC,44,Uncommon,Blue,Not Owned,Non-Foil,mainboard,false,https://cards.scryfall.io/normal/front/8/3/83557f55-f1ab-4995-9cc1-37be895a59db.jpg?1561834181,,,,,false,false
Thought Scour,1,Instant,U,DKA,52,Common,Blue,Not Owned,Non-Foil,mainboard,false,https://cards.scryfall.io/normal/front/8/8/88bf1ebb-9d85-4b9b-a614-c7f965c0893d.jpg?1595011042,,,,,false,false
Arcane Denial,2,Instant,U,ALL,22a,Common,Blue,Not Owned,Non-Foil,mainboard,false,https://cards.scryfall.io/normal/front/b/0/b0c5728e-43e7-417a-ba18-5038345cec67.jpg?1562770144,,,,,false,false
Counterspell,2,Instant,U,LEA,54,Uncommon,Blue,Not Owned,Non-Foil,mainboard,false,https://cards.scryfall.io/normal/front/0/d/0df55e3f-14de-46ef-b6b1-616618724d9e.jpg?1559591713,,,,,false,false
Disdainful Stroke,2,Instant,U,KTK,37,Common,Blue,Not Owned,Non-Foil,mainboard,false,https://cards.scryfall.io/normal/front/1/8/180425c9-1898-48d4-9932-ddfb1a28e6b0.jpg?1562783110,,,,,false,false
Long River's Pull,2,Instant,U,BLB,58,Uncommon,Blue,Not Owned,Non-Foil,mainboard,false,https://cards.scryfall.io/normal/front/1/c/1c81d0fa-81a1-4f9b-a5fd-5a648fd01dea.jpg?1721426147,,,,,false,false
Negate,2,Instant,U,MOR,43,Common,Blue,Not Owned,Non-Foil,mainboard,false,https://cards.scryfall.io/normal/front/5/a/5a501252-e722-4ebf-bcf7-f53a42745fa7.jpg?1562878670,,,,,false,false
Pull from Tomorrow,2,Instant,U,AKH,65,Rare,Blue,Not Owned,Non-Foil,mainboard,false,https://cards.scryfall.io/normal/front/f/1/f1eccf27-c934-45fb-87ae-67006cd4e0ed.jpg?1543675081,,,,,false,false
Resculpt,2,Instant,U,STX,51,Common,Blue,Not Owned,Non-Foil,mainboard,false,https://cards.scryfall.io/normal/front/1/b/1bfb1fcb-a411-4c1c-b8fc-496242ae3a9b.jpg?1624590361,,,,,false,false
Frantic Search,3,Instant,U,ULG,32,Common,Blue,Not Owned,Non-Foil,mainboard,false,https://cards.scryfall.io/normal/front/1/9/1904db14-6df7-424f-afa5-e3dfab31300a.jpg?1764758766,,,,,false,false
Ghostly Flicker,3,Instant,U,PLST,KHC-39,Common,Blue,Not Owned,Non-Foil,mainboard,false,https://cards.scryfall.io/normal/front/8/c/8cf1402d-6506-4c33-b069-700741a6df81.jpg?1723437779,,,,,false,false
Saw It Coming,3,Instant,U,KHM,76,Uncommon,Blue,Not Owned,Non-Foil,mainboard,false,https://cards.scryfall.io/normal/front/8/7/877a1bb9-5eae-453a-bec0-a9de20ea6815.jpg?1631047574,,,,,false,false
Aetherize,4,Instant,U,GTC,29,Uncommon,Blue,Not Owned,Non-Foil,mainboard,false,https://cards.scryfall.io/normal/front/3/3/33303859-c6e0-4ebd-bb5f-44be7f5d7459.jpg?1561821990,,,,,false,false
Behold the Multiverse,4,Instant,U,KHM,46,Common,Blue,Not Owned,Non-Foil,mainboard,false,https://cards.scryfall.io/normal/front/2/7/27855a38-a682-4f97-ad22-ac625e86faec.jpg?1631046745,,,,,false,false
Cryptic Command,4,Instant,U,LRW,56,Rare,Blue,Not Owned,Non-Foil,mainboard,false,https://cards.scryfall.io/normal/front/8/2/829e3d6e-5d7c-4cc4-a7a6-7cbf5a7442ba.jpg?1562355759,,,,,false,false
Evacuation,5,Instant,U,STH,30,Rare,Blue,Not Owned,Non-Foil,mainboard,false,https://cards.scryfall.io/normal/front/1/c/1cb8ae53-a53f-4a0f-94f7-559aca041797.jpg?1562595927,,,,,false,false
Mystic Confluence,5,Instant,U,C15,14,Rare,Blue,Not Owned,Non-Foil,mainboard,false,https://cards.scryfall.io/normal/front/8/1/81bbffc2-6f58-4baa-8f95-168eab106b15.jpg?1562706477,,,,,false,false
Elminster's Simulacrum,6,Instant,U,CLB,68,Mythic,Blue,Not Owned,Non-Foil,mainboard,false,https://cards.scryfall.io/normal/front/3/5/351a6e6a-758d-417d-82c9-2c78db37d91e.jpg?1674135511,,,,,false,false
Dig Through Time,8,Instant,U,KTK,36,Rare,Blue,Not Owned,Non-Foil,mainboard,false,https://cards.scryfall.io/normal/front/5/c/5c18c2d8-995c-4736-bdef-464abcd1d31a.jpg?1562787144,,,,,false,false
Ponder,1,Sorcery,U,LRW,79,Common,Blue,Not Owned,Non-Foil,mainboard,false,https://cards.scryfall.io/normal/front/b/a/ba6b6fc5-5077-4812-b8e9-906783dbaf67.jpg?1562365100,,,,,false,false
Preordain,1,Sorcery,U,M11,70,Common,Blue,Not Owned,Non-Foil,mainboard,false,https://cards.scryfall.io/normal/front/e/3/e3868c3d-4fcd-444b-866f-0f8e50ce7b67.jpg?1764758710,,,,,false,false
Serum Visions,1,Sorcery,U,5DN,36,Common,Blue,Not Owned,Non-Foil,mainboard,false,https://cards.scryfall.io/normal/front/4/b/4bc61952-88ba-447a-835a-f1e9643fcd0d.jpg?1562876855,,,,,false,false
Chart a Course,2,Sorcery,U,XLN,48,Uncommon,Blue,Not Owned,Non-Foil,mainboard,false,https://cards.scryfall.io/normal/front/9/8/98291778-2ec2-47e2-ac99-5f8cfbb3cf24.jpg?1562560509,,,,,false,false
Curse of the Swine,2,Sorcery,U,THS,46,Rare,Blue,Not Owned,Non-Foil,mainboard,false,https://cards.scryfall.io/normal/front/7/8/78831fc6-ea90-4546-b46a-9c192dbefc65.jpg?1562820142,,,,,false,false
Lock and Load,3,Sorcery,U,OTC,15,Rare,Blue,Not Owned,Non-Foil,mainboard,false,https://cards.scryfall.io/normal/front/7/a/7a35de4b-5d98-4034-acc9-f38dc8c8f7d6.jpg?1712353789,,,,,false,false
Windfall,3,Sorcery,U,USG,111,Uncommon,Blue,Not Owned,Non-Foil,mainboard,false,https://cards.scryfall.io/normal/front/2/a/2aef4608-5ba8-4636-b5e7-cac57c5c0608.jpg?1562904096,,,,,false,false
Deep Analysis,4,Sorcery,U,TOR,36,Common,Blue,Not Owned,Non-Foil,mainboard,false,https://cards.scryfall.io/normal/front/0/1/01e3c2e9-d8df-4a7a-be86-7be8c6254fa2.jpg?1562628423,,,,,false,false
Replication Technique,5,Sorcery,U,C21,31,Rare,Blue,Not Owned,Non-Foil,mainboard,false,https://cards.scryfall.io/normal/front/b/f/bf4341ec-027d-47eb-b2ca-f18f9885d82d.jpg?1625191418,,,,,false,false
Temporal Mastery,7,Sorcery,U,AVR,81,Mythic,Blue,Not Owned,Non-Foil,mainboard,false,https://cards.scryfall.io/normal/front/2/6/266e5267-2288-4bb0-8c54-0c556521cec3.jpg?1592708728,,,,,false,false
Winged Boots,2,Artifact — Equipment,U,OTC,124,Rare,Blue,Not Owned,Non-Foil,mainboard,false,https://cards.scryfall.io/normal/front/1/1/116361c4-fddd-440a-ad02-8d71df733231.jpg?1712354250,,,,,false,false
Midnight Clock,3,Artifact,U,ELD,54,Rare,Blue,Not Owned,Non-Foil,mainboard,false,https://cards.scryfall.io/normal/front/0/f/0f7f1148-7b1b-4969-a2f8-428de1e2e8ff.jpg?1572489934,,,,,false,false
Bident of Thassa,4,Legendary Enchantment Artifact,U,BLC,162,Rare,Blue,Not Owned,Non-Foil,mainboard,false,https://cards.scryfall.io/normal/front/6/0/60a9018a-24a9-4c25-89ca-4ac52a60fbf1.jpg?1721428980,,,,,false,false
Wizard Class,1,Enchantment — Class,U,AFR,81,Uncommon,Blue,Not Owned,Non-Foil,mainboard,false,https://cards.scryfall.io/normal/front/d/1/d1f629fb-b097-4240-8560-ef47f5678f48.jpg?1639436605,,,,,false,false
Fall from Favor,3,Enchantment — Aura,U,CMR,68,Common,Blue,Not Owned,Non-Foil,mainboard,false,https://cards.scryfall.io/normal/front/e/7/e709a18f-b99d-4fa1-ae5c-7f22abd02c0a.jpg?1610624917,,,,,false,false
Future Sight,5,Enchantment,U,ONS,84,Rare,Blue,Not Owned,Non-Foil,mainboard,false,https://cards.scryfall.io/normal/front/6/8/688bd665-4948-4961-aec5-f17782257f9b.jpg?1562919624,,,,,false,false
Confiscate,6,Enchantment — Aura,U,USG,66,Uncommon,Blue,Not Owned,Non-Foil,mainboard,false,https://cards.scryfall.io/normal/front/7/c/7cba6d4a-58d0-42d6-b49b-65c72b86007f.jpg?1562921288,,,,,false,false
Shark Typhoon,6,Enchantment,U,IKO,67,Rare,Blue,Not Owned,Non-Foil,mainboard,false,https://cards.scryfall.io/normal/front/1/d/1da4d4f3-b3cb-4b61-81b8-06ae441c41bf.jpg?1591226502,,,,,false,false
Carrion Feeder,1,Creature — Zombie,B,SCG,59,Common,Black,Not Owned,Non-Foil,mainboard,false,https://cards.scryfall.io/normal/front/8/8/88042031-64af-4f84-85d5-95992b43aa6c.jpg?1562531649,,,,,false,false
Nested Shambler,1,Creature — Zombie,B,MH2,399,Common,Black,Not Owned,Non-Foil,mainboard,false,https://cards.scryfall.io/normal/front/e/b/eb8595c6-5237-4ed1-98e4-8615bb0eb8e1.jpg?1626102895,,,,,false,false
Stitcher's Supplier,1,Creature — Zombie,B,M19,121,Uncommon,Black,Not Owned,Non-Foil,mainboard,false,https://cards.scryfall.io/normal/front/2/b/2b737126-50b5-4678-91bf-197b64086fe4.jpg?1562301182,,,,,false,false
Viscera Seer,1,Creature — Vampire Wizard,B,M11,120,Common,Black,Not Owned,Non-Foil,mainboard,false,https://cards.scryfall.io/normal/front/6/1/6179f847-e334-4f7f-9a4e-0013942a394f.jpg?1562461786,,,,,false,false
Accursed Marauder,2,Creature — Zombie Warrior,B,MH3,405,Common,Black,Not Owned,Non-Foil,mainboard,false,https://cards.scryfall.io/normal/front/4/4/44a63029-1fb2-4fdc-bca9-0a530c7b42d9.jpg?1717014790,,,,,false,false
Blood Artist,2,Creature — Vampire,B,AVR,86,Uncommon,Black,Not Owned,Non-Foil,mainboard,false,https://cards.scryfall.io/normal/front/2/e/2e1fb442-68ff-4249-8e44-87edf6fae211.jpg?1592708762,,,,,false,false
Bloodghast,2,Creature — Vampire Spirit,B,ZEN,83,Rare,Black,Not Owned,Non-Foil,mainboard,false,https://cards.scryfall.io/normal/front/6/3/63870c81-63bf-4a9a-aeb5-74c6eaded9f1.jpg?1562612813,,,,,false,false
Dark Confidant,2,Creature — Human Wizard,B,RAV,81,Rare,Black,Not Owned,Non-Foil,mainboard,false,https://cards.scryfall.io/normal/front/9/4/94f7a441-bf2d-46fb-a7b6-9bd6137f86d9.jpg?1598914714,,,,,false,false
Dogged Detective,2,Creature — Human Rogue,B,NCC,35,Rare,Black,Not Owned,Non-Foil,mainboard,false,https://cards.scryfall.io/normal/front/d/b/db794d5d-79e3-41a4-97ff-46442d87ca3b.jpg?1673481977,,,,,false,false
Emperor of Bones,2,Creature — Skeleton Noble,B,MH3,90,Rare,Black,Not Owned,Non-Foil,mainboard,false,https://cards.scryfall.io/normal/front/d/f/df9d9075-2d1e-4848-b661-816d539e05eb.jpg?1763472848,,,,,false,false
Marionette Apprentice,2,Creature — Human Artificer,B,MH3,100,Uncommon,Black,Not Owned,Non-Foil,mainboard,false,https://cards.scryfall.io/normal/front/d/1/d16f8670-f038-400a-83e7-a53a7f8c47ac.jpg?1717012013,,,,,false,false
Zulaport Cutthroat,2,Creature — Human Rogue Ally,B,BFZ,126,Uncommon,Black,Not Owned,Non-Foil,mainboard,false,https://cards.scryfall.io/normal/front/5/c/5c963d97-c948-45d9-84cc-58e246d35970.jpg?1562916825,,,,,false,false
Barrowgoyf,3,Creature — Lhurgoyf,B,M3C,102,Rare,Black,Not Owned,Non-Foil,mainboard,false,https://cards.scryfall.io/normal/front/c/e/cea3b218-0e6e-443a-84f7-380f1021e8e1.jpg?1775745570,,,,,false,false
"Drana, Liberator of Malakir",3,Legendary Creature — Vampire Ally,B,BFZ,109,Mythic,Black,Not Owned,Non-Foil,mainboard,false,https://cards.scryfall.io/normal/front/d/3/d3f6ed18-eb6f-4d07-8660-cf7c074c87cd.jpg?1562945517,,,,,false,false
"Gix, Yawgmoth Praetor",3,Legendary Creature — Phyrexian Praetor,B,TDC,181,Mythic,Black,Not Owned,Non-Foil,mainboard,false,https://cards.scryfall.io/normal/front/1/3/135c5948-4c95-4f24-b648-eda55ab637c8.jpg?1743206495,,,,,false,false
Midnight Reaper,3,Creature — Zombie Knight,B,DRC,44,Rare,Black,Not Owned,Non-Foil,mainboard,false,https://cards.scryfall.io/normal/front/3/3/33c16202-4d7f-449c-8b29-144b2a9fda9a.jpg?1738355509,,,,,false,false
Morbid Opportunist,3,Creature — Human Rogue,B,MID,113,Uncommon,Black,Not Owned,Non-Foil,mainboard,false,https://cards.scryfall.io/normal/front/5/a/5a53982e-3d66-4808-bcb5-46ff40567872.jpg?1634350039,,,,,false,false
Nighthawk Scavenger,3,Creature — Vampire Rogue,B,ZNR,115,Rare,Black,Not Owned,Non-Foil,mainboard,false,https://cards.scryfall.io/normal/front/e/b/eb348f07-1d48-4877-8a56-60655d64a3f7.jpg?1604231416,,,,,false,false
Ophiomancer,3,Creature — Human Shaman,B,C13,84,Rare,Black,Not Owned,Non-Foil,mainboard,false,https://cards.scryfall.io/normal/front/6/6/66d80dd1-b944-4cb2-8578-b4dbcabbbc1e.jpg?1562916501,,,,,false,false
Plaguecrafter,3,Creature — Human Shaman,B,GRN,82,Uncommon,Black,Not Owned,Non-Foil,mainboard,false,https://cards.scryfall.io/normal/front/8/6/8682fb87-df14-4277-aaa0-0d53d766c406.jpg?1572893031,,,,,false,false
Skullport Merchant,3,Creature — Dwarf Citizen,B,PLST,AFR-120,Uncommon,Black,Not Owned,Non-Foil,mainboard,false,https://cards.scryfall.io/normal/front/7/7/771b032d-747b-46ee-bb54-2cdd3c73192a.jpg?1723433357,,,,,false,false
Woe Strider,3,Creature — Horror,B,THB,123,Rare,Black,Not Owned,Non-Foil,mainboard,false,https://cards.scryfall.io/normal/front/3/4/3457b558-b35b-49fd-b499-b1ec755f86ce.jpg?1581480044,,,,,false,false
"Yahenni, Undying Partisan",3,Legendary Creature — Aetherborn Vampire,B,AER,74,Rare,Black,Not Owned,Non-Foil,mainboard,false,https://cards.scryfall.io/normal/front/c/3/c37e2466-57c3-453f-aebe-340995f2eca7.jpg?1576381745,,,,,false,false
Chittering Witch,4,Creature — Human Warlock,B,ELD,319,Rare,Black,Not Owned,Non-Foil,mainboard,false,https://cards.scryfall.io/normal/front/8/c/8c298940-4277-4145-9f2f-a284fd2e1a9d.jpg?1572482798,,,,,false,false
Ravenous Chupacabra,4,Creature — Beast Horror,B,RIX,82,Uncommon,Black,Not Owned,Non-Foil,mainboard,false,https://cards.scryfall.io/normal/front/0/2/02551196-ecea-472f-9547-3c9658d0489e.jpg?1555040291,,,,,false,false
Ruthless Technomancer,4,Creature — Human Wizard,B,NEC,35,Rare,Black,Not Owned,Non-Foil,mainboard,false,https://cards.scryfall.io/normal/front/d/d/dddeb5cc-b535-4484-8a0e-ce32c4c09000.jpg?1651655501,,,,,false,false
Twilight Prophet,4,Creature — Vampire Cleric,B,RIX,88,Mythic,Black,Not Owned,Non-Foil,mainboard,false,https://cards.scryfall.io/normal/front/9/d/9da6974f-6753-48ac-98cd-86412cc93726.jpg?1555040334,,,,,false,false
Doom Whisperer,5,Creature — Nightmare Demon,B,GRN,69,Mythic,Black,Not Owned,Non-Foil,mainboard,false,https://cards.scryfall.io/normal/front/0/a/0a11ee0d-ff8d-4648-8b4e-29440c135c30.jpg?1572892944,,,,,false,false
"Junji, the Midnight Sky",5,Legendary Creature — Dragon Spirit,B,NEO,102,Mythic,Black,Not Owned,Non-Foil,mainboard,false,https://cards.scryfall.io/normal/front/9/0/9033cf27-d9e6-49b8-8ee1-c1f38c9680b9.jpg?1654567204,,,,,false,false
Massacre Girl,5,Legendary Creature — Human Assassin,B,WAR,99,Rare,Black,Not Owned,Non-Foil,mainboard,false,https://cards.scryfall.io/normal/front/b/e/be8ec9e1-2c8e-496d-9111-4d453b75b578.jpg?1559959372,,,,,false,false
Shriekmaw,5,Creature — Elemental,B,LRW,139,Uncommon,Black,Not Owned,Non-Foil,mainboard,false,https://cards.scryfall.io/normal/front/e/a/ea19eb5e-0d70-42e6-bda2-b13757e08ca6.jpg?1562372755,,,,,false,false
"Syr Konrad, the Grim",5,Legendary Creature — Human Knight,B,ELD,107,Uncommon,Black,Not Owned,Non-Foil,mainboard,false,https://cards.scryfall.io/normal/front/a/8/a808868f-aea8-4651-9357-85a4d7b4f290.jpg?1572490254,,,,,false,false
Grave Titan,6,Creature — Giant,B,M11,97,Mythic,Black,Not Owned,Non-Foil,mainboard,false,https://cards.scryfall.io/normal/front/5/f/5fa6d385-6b8e-45ad-83dc-b477799c05a5.jpg?1562461387,,,,,false,false
Massacre Wurm,6,Creature — Phyrexian Wurm,B,MBS,46,Mythic,Black,Not Owned,Non-Foil,mainboard,false,https://cards.scryfall.io/normal/front/c/d/cdd32ec2-02a8-41fc-bf45-c9585bb2b3ee.jpg?1562614902,,,,,false,false
Butcher of Malakir,7,Creature — Vampire Warrior,B,WWK,53,Rare,Black,Not Owned,Non-Foil,mainboard,false,https://cards.scryfall.io/normal/front/7/3/73131341-0fde-4eca-aefa-ce69c933af07.jpg?1562289898,,,,,false,false
Overseer of the Damned,7,Creature — Demon,B,C14,28,Rare,Black,Not Owned,Non-Foil,mainboard,false,https://cards.scryfall.io/normal/front/d/1/d1a73408-27b3-45d8-9153-ca964d99fe80.jpg?1561959767,,,,,false,false
Sepulchral Primordial,7,Creature — Avatar,B,GTC,75,Rare,Black,Not Owned,Non-Foil,mainboard,false,https://cards.scryfall.io/normal/front/e/b/eb0865cd-d9b4-43ea-87d2-ad5c65fc0459.jpg?1561850799,,,,,false,false
Archon of Cruelty,8,Creature — Archon,B,MH2,75,Mythic,Black,Not Owned,Non-Foil,mainboard,false,https://cards.scryfall.io/normal/front/1/b/1be9d9a4-d7ee-4854-abc2-85cabf993ec9.jpg?1626095274,,,,,false,false
"Liliana, the Last Hope",3,Legendary Planeswalker — Liliana,B,EMN,93,Mythic,Black,Not Owned,Non-Foil,mainboard,false,https://cards.scryfall.io/normal/front/f/a/fa6ac7d2-0127-49a8-b7d2-a38308d3c27b.jpg?1576384344,,,,,false,false
"Liliana, Death's Majesty",5,Legendary Planeswalker — Liliana,B,AKH,97,Mythic,Black,Not Owned,Non-Foil,mainboard,false,https://cards.scryfall.io/normal/front/4/0/40d8f490-f04d-4d59-9ab0-a977527fd529.jpg?1543675327,,,,,false,false
Vampiric Tutor,1,Instant,B,VIS,72,Rare,Black,Not Owned,Non-Foil,mainboard,false,https://cards.scryfall.io/normal/front/0/a/0a07cba3-2e8d-48ec-a6f8-4d2edfcd833d.jpg?1562276960,,,,,false,false
Village Rites,1,Instant,B,M21,126,Common,Black,Not Owned,Non-Foil,mainboard,false,https://cards.scryfall.io/normal/front/9/c/9c0f60a6-b5c8-4704-8b61-94e8fc463e5d.jpg?1594736427,,,,,false,false
Deadly Dispute,2,Instant,B,AFR,94,Common,Black,Not Owned,Non-Foil,mainboard,false,https://cards.scryfall.io/normal/front/7/3/7373fe95-ad1c-44b9-8c7f-464ce8cbffc6.jpg?1627704524,,,,,false,false
Plumb the Forbidden,2,Instant,B,STX,81,Uncommon,Black,Not Owned,Non-Foil,mainboard,false,https://cards.scryfall.io/normal/front/5/0/5034227f-3b8a-45bf-917c-c2cbd98f2192.jpg?1624591251,,,,,false,false
Saw in Half,3,Instant,B,UNF,374,Rare,Black,Not Owned,Non-Foil,mainboard,false,https://cards.scryfall.io/normal/front/1/d/1d727549-842c-4105-b6e0-b25c945359df.jpg?1673917624,,,,,false,false
Baleful Mastery,4,Instant,B,STX,64,Rare,Black,Not Owned,Non-Foil,mainboard,false,https://cards.scryfall.io/normal/front/3/5/35f1a6ba-e46f-44fb-93f4-fb883d677b36.jpg?1624590749,,,,,false,false
Pile On,4,Instant,B,MOM,122,Rare,Black,Not Owned,Non-Foil,mainboard,false,https://cards.scryfall.io/normal/front/4/9/492e9369-0ca3-4c31-b747-75d615daf6e4.jpg?1682203929,,,,,false,false
Price of Fame,4,Instant,B,GRN,83,Uncommon,Black,Not Owned,Non-Foil,mainboard,false,https://cards.scryfall.io/normal/front/6/1/61b52152-0f7c-4466-9e49-033477028f67.jpg?1572893038,,,,,false,false
Reanimate,1,Sorcery,B,TMP,151,Uncommon,Black,Not Owned,Non-Foil,mainboard,false,https://cards.scryfall.io/normal/front/a/e/ae1ef31c-8ca5-444c-8f39-e1d1827318f5.jpg?1562055925,,,,,false,false
Demonic Tutor,2,Sorcery,B,LEA,104,Uncommon,Black,Not Owned,Non-Foil,mainboard,false,https://cards.scryfall.io/normal/front/7/1/711d4d54-5520-4de8-9b93-79902ed8e562.jpg?1559591474,,,,,false,false
Feed the Swarm,2,Sorcery,B,ZNR,102,Common,Black,Not Owned,Non-Foil,mainboard,false,https://cards.scryfall.io/normal/front/f/6/f6b2eba7-862a-4efd-9f65-065fb2070855.jpg?1604195649,,,,,false,false
Night's Whisper,2,Sorcery,B,5DN,55,Uncommon,Black,Not Owned,Non-Foil,mainboard,false,https://cards.scryfall.io/normal/front/6/1/61f0c6f6-b90d-4eb1-a5db-86e0a3997501.jpg?1562877344,,,,,false,false
Ransack the Lab,2,Sorcery,B,MH1,103,Common,Black,Not Owned,Non-Foil,mainboard,false,https://cards.scryfall.io/normal/front/b/5/b547513d-8b69-41cd-84c9-4b08b6426f1d.jpg?1592137182,,,,,false,false
Read the Bones,3,Sorcery,B,THS,101,Common,Black,Not Owned,Non-Foil,mainboard,false,https://cards.scryfall.io/normal/front/d/b/dbbdbf1a-2d15-4291-aa19-614f854d8cb3.jpg?1562833564,,,,,false,false
Toxic Deluge,3,Sorcery,B,C13,96,Rare,Black,Not Owned,Non-Foil,mainboard,false,https://cards.scryfall.io/normal/front/5/6/564caf57-4ba5-4993-a35e-945699c94eb7.jpg?1562913020,,,,,false,false
Victimize,3,Sorcery,B,USG,166,Uncommon,Black,Not Owned,Non-Foil,mainboard,false,https://cards.scryfall.io/normal/front/c/a/caafe7da-0167-4c53-bbad-172f900d137b.jpg?1562937801,,,,,false,false
Damnation,4,Sorcery,B,PLC,85,Rare,Black,Not Owned,Non-Foil,mainboard,false,https://cards.scryfall.io/normal/front/2/6/26c68473-70ca-40ba-b5c6-71ec30f88a2c.jpg?1562568132,,,,,false,false
Blasphemous Edict,5,Sorcery,B,FDN,57,Rare,Black,Not Owned,Non-Foil,mainboard,false,https://cards.scryfall.io/normal/front/1/1/11040ecd-3153-4029-b42b-1441bc51ec34.jpg?1730488798,,,,,false,false
Feast of Succession,6,Sorcery,B,CMR,127,Uncommon,Black,Not Owned,Non-Foil,mainboard,false,https://cards.scryfall.io/normal/front/a/c/ac83f97d-c8c9-480c-a32c-918035673ab4.jpg?1608909745,,,,,false,false
Necrotic Hex,7,Sorcery,B,CMR,137,Rare,Black,Not Owned,Non-Foil,mainboard,false,https://cards.scryfall.io/normal/front/0/0/009d2fb8-6144-46d9-9085-26232c174109.jpg?1608909836,,,,,false,false
Decree of Pain,8,Sorcery,B,SCG,64,Rare,Black,Not Owned,Non-Foil,mainboard,false,https://cards.scryfall.io/normal/front/e/1/e1958a07-fc75-41cd-ac45-d92d49587754.jpg?1562536145,,,,,false,false
Rise of the Dark Realms,9,Sorcery,B,M14,111,Mythic,Black,Not Owned,Non-Foil,mainboard,false,https://cards.scryfall.io/normal/front/0/7/073f81e8-8c0c-4430-bd3e-95ed3625340f.jpg?1562825668,,,,,false,false
Animate Dead,2,Enchantment — Aura,B,LEA,92,Uncommon,Black,Not Owned,Non-Foil,mainboard,false,https://cards.scryfall.io/normal/front/8/f/8fd7861d-925f-4b4c-a4ab-60be6f43d50b.jpg?1559591550,,,,,false,false
Dreadhorde Invasion,2,Enchantment,B,WAR,86,Rare,Black,Not Owned,Non-Foil,mainboard,false,https://cards.scryfall.io/normal/front/0/4/04c6e42d-991d-4e6b-a900-38480931f79e.jpg?1557576441,,,,,false,false
The Meathook Massacre,2,Legendary Enchantment,B,INR,122,Mythic,Black,Not Owned,Non-Foil,mainboard,false,https://cards.scryfall.io/normal/front/7/0/70d0540f-93c6-4af5-ab2d-65e6c03001c7.jpg?1762704818,,,,,false,false
Bastion of Remembrance,3,Enchantment,B,IKO,73,Uncommon,Black,Not Owned,Non-Foil,mainboard,false,https://cards.scryfall.io/normal/front/2/d/2dd354dd-939e-4b1a-8ed6-fe89a7fd64bf.jpg?1591226582,,,,,false,false
Black Market Connections,3,Enchantment,B,ACR,87,Rare,Black,Not Owned,Non-Foil,mainboard,false,https://cards.scryfall.io/normal/front/9/b/9bac8176-d0db-4397-820d-acbdd3264377.jpg?1721424350,,,,,false,false
Necromancy,3,Enchantment,B,VIS,64,Uncommon,Black,Not Owned,Non-Foil,mainboard,false,https://cards.scryfall.io/normal/front/3/1/311a6257-dd77-4bb6-81cb-c8e7862350f3.jpg?1562277431,,,,,false,false
Phyrexian Arena,3,Enchantment,B,APC,47,Rare,Black,Not Owned,Non-Foil,mainboard,false,https://cards.scryfall.io/normal/front/8/4/84e19975-e3e1-453b-b902-a1b1fc1d8504.jpg?1562926298,,,,,false,false
Court of Locthwain,4,Enchantment,B,WOC,23,Rare,Black,Not Owned,Non-Foil,mainboard,false,https://cards.scryfall.io/normal/front/a/8/a8e1f698-1c04-4f31-aeaa-b796c5eb5070.jpg?1692933943,,,,,false,false
Grave Pact,4,Enchantment,B,STH,60,Rare,Black,Not Owned,Non-Foil,mainboard,false,https://cards.scryfall.io/normal/front/9/4/940536be-fce1-4a90-9126-195815a43e0f.jpg?1562596890,,,,,false,false
The Eldest Reborn,5,Enchantment — Saga,B,DOM,90,Uncommon,Black,Not Owned,Non-Foil,mainboard,false,https://cards.scryfall.io/normal/front/c/8/c8318f40-ecd5-429e-8fe2-febf31f64841.jpg?1562742744,,,,,false,false
Virtue of Persistence,7,Enchantment,B,WOE,115,Mythic,Black,Not Owned,Non-Foil,mainboard,false,https://cards.scryfall.io/normal/front/f/1/f1e5cafb-b0e6-4ee5-8c58-6f8e5ef2b9da.jpg?1692937996,,,,,false,false
Dragonmaster Outcast,1,Creature — Human Shaman,R,WWK,81,Mythic,Red,Not Owned,Non-Foil,mainboard,false,https://cards.scryfall.io/normal/front/c/2/c2297a4e-3c19-4748-9150-efbd2513066a.jpg?1562295452,,,,,false,false
Impulsive Pilferer,1,Creature — Goblin Pirate,R,CMR,185,Common,Red,Not Owned,Non-Foil,mainboard,false,https://cards.scryfall.io/normal/front/5/5/55ba9bea-5549-45cf-896c-501a1c81fd5a.jpg?1616447022,,,,,false,false
"Ragavan, Nimble Pilferer",1,Legendary Creature — Monkey Pirate,R,MH2,138,Mythic,Red,Not Owned,Non-Foil,mainboard,false,https://cards.scryfall.io/normal/front/a/9/a9738cda-adb1-47fb-9f4c-ecd930228c4d.jpg?1681963138,,,,,false,false
Agate Instigator,2,Creature — Lizard Rogue,R,BLC,21,Rare,Red,Not Owned,Non-Foil,mainboard,false,https://cards.scryfall.io/normal/front/9/f/9f838603-f7cd-497d-8d2b-d4cca03c1af7.jpg?1721428238,,,,,false,false
"Grenzo, Havoc Raiser",2,Legendary Creature — Goblin Rogue,R,CN2,54,Rare,Red,Not Owned,Non-Foil,mainboard,false,https://cards.scryfall.io/normal/front/0/7/075cd558-2557-409a-8244-2de65664be53.jpg?1576381934,,,,,false,false
Loyal Apprentice,2,Creature — Human Artificer,R,C18,23,Uncommon,Red,Not Owned,Non-Foil,mainboard,false,https://cards.scryfall.io/normal/front/b/5/b5fef5fe-3e59-4fd6-8a88-7c1cee56892f.jpg?1592710159,,,,,false,false
Young Pyromancer,2,Creature — Human Shaman,R,M14,163,Uncommon,Red,Not Owned,Non-Foil,mainboard,false,https://cards.scryfall.io/normal/front/e/3/e349c204-3a93-4bf7-b79a-5f5f261ea2d3.jpg?1562836328,,,,,false,false
Broadside Bombardiers,3,Creature — Goblin Pirate,R,LCC,86,Rare,Red,Not Owned,Non-Foil,mainboard,false,https://cards.scryfall.io/normal/front/9/7/9721f8da-39ed-4ada-a571-61e08a86032b.jpg?1758103888,,,,,false,false
Captain Lannery Storm,3,Legendary Creature — Human Pirate,R,XLN,136,Rare,Red,Not Owned,Non-Foil,mainboard,false,https://cards.scryfall.io/normal/front/5/a/5ab86a8a-7a0a-473e-9a97-da2fe0ab866c.jpg?1562555989,,,,,false,false
Combat Celebrant,3,Creature — Human Warrior,R,AKH,125,Mythic,Red,Not Owned,Non-Foil,mainboard,false,https://cards.scryfall.io/normal/front/2/8/28b63c3d-2e55-4343-b49a-11fa602ec473.jpg?1543675529,,,,,false,false
Feldon of the Third Path,3,Legendary Creature — Human Artificer,R,C14,35,Mythic,Red,Not Owned,Non-Foil,mainboard,false,https://cards.scryfall.io/normal/front/4/c/4c174e92-bc2a-42ba-9ce7-8c9fdf0a27f0.jpg?1561941305,,,,,false,false
Guttersnipe,3,Creature — Goblin Shaman,R,RTR,98,Uncommon,Red,Not Owned,Non-Foil,mainboard,false,https://cards.scryfall.io/normal/front/9/d/9d8590ea-512c-4e09-97cc-7f07d0706f2b.jpg?1562790659,,,,,false,false
Imperial Recruiter,3,Creature — Human Advisor,R,PTK,113,Uncommon,Red,Not Owned,Non-Foil,mainboard,false,https://cards.scryfall.io/normal/front/1/c/1c473253-3992-4cc1-8b46-5d1da308c537.jpg?1562255851,,,,,false,false
"Krenko, Tin Street Kingpin",3,Legendary Creature — Goblin,R,J25,572,Rare,Red,Not Owned,Non-Foil,mainboard,false,https://cards.scryfall.io/normal/front/0/c/0c7d8714-a0ef-4ae8-909b-60f3319c646c.jpg?1730487786,,,,,false,false
"Laelia, the Blade Reforged",3,Legendary Creature — Spirit Warrior,R,C21,53,Rare,Red,Not Owned,Non-Foil,mainboard,false,https://cards.scryfall.io/normal/front/a/3/a3bb2881-e8fb-4fba-a9f9-d93e6ca24378.jpg?1625192037,,,,,false,false
Magus of the Wheel,3,Creature — Human Wizard,R,C15,27,Rare,Red,Not Owned,Non-Foil,mainboard,false,https://cards.scryfall.io/normal/front/d/f/dfe51ad5-d786-4de3-aa39-0f5fd7e73ec6.jpg?1562710593,,,,,false,false
Prosperous Bandit,3,Creature — Raccoon Rogue,R,BLC,25,Rare,Red,Not Owned,Non-Foil,mainboard,false,https://cards.scryfall.io/normal/front/6/b/6b3a7194-25e8-4639-a490-96e9cfce0f84.jpg?1721428257,,,,,false,false
Screaming Nemesis,3,Creature — Spirit,R,DSK,157,Mythic,Red,Not Owned,Non-Foil,mainboard,false,https://cards.scryfall.io/normal/front/c/e/ce35e6fb-ff54-44c4-a216-7ddd37f46882.jpg?1762773071,,,,,false,false
Anger,4,Creature — Incarnation,R,JUD,77,Uncommon,Red,Not Owned,Non-Foil,mainboard,false,https://cards.scryfall.io/normal/front/f/a/fa2920af-e6a1-4939-ab59-67af4430e5b8.jpg?1562632777,,,,,false,false
Emberwilde Captain,4,Creature — Djinn Pirate,R,CMR,175,Rare,Red,Not Owned,Non-Foil,mainboard,false,https://cards.scryfall.io/normal/front/3/6/362850cd-d33c-4f61-9b3a-5de748adee7c.jpg?1608910178,,,,,false,false
Flametongue Kavu,4,Creature — Kavu,R,PLS,60,Uncommon,Red,Not Owned,Non-Foil,mainboard,false,https://cards.scryfall.io/normal/front/e/5/e5056bca-bd90-4b50-8630-105558f8ef92.jpg?1562943360,,,,,false,false
Pyrogoyf,4,Creature — Lhurgoyf,R,M3C,111,Rare,Red,Not Owned,Non-Foil,mainboard,false,https://cards.scryfall.io/normal/front/f/a/fa87bf1e-2062-4983-b1c4-98bffea69a4c.jpg?1721158937,,,,,false,false
Rekindling Phoenix,4,Creature — Phoenix,R,RIX,111,Mythic,Red,Not Owned,Non-Foil,mainboard,false,https://cards.scryfall.io/normal/front/d/a/daccec32-84c6-4de4-9b00-c497a6ba5de8.jpg?1555040506,,,,,false,false
Rose Room Treasurer,4,Creature — Ogre Warrior,R,NCC,51,Rare,Red,Not Owned,Non-Foil,mainboard,false,https://cards.scryfall.io/normal/front/2/1/2167439d-792d-471e-9137-ee46dbf7a82d.jpg?1673482145,,,,,false,false
Siege-Gang Lieutenant,4,Creature — Goblin,R,M3C,113,Rare,Red,Not Owned,Non-Foil,mainboard,false,https://cards.scryfall.io/normal/front/e/2/e22c2df5-ae00-4d71-ac60-6ea402b9036b.jpg?1721158965,,,,,false,false
Storm-Kiln Artist,4,Creature — Dwarf Shaman,R,STX,115,Uncommon,Red,Not Owned,Non-Foil,mainboard,false,https://cards.scryfall.io/normal/front/f/a/fa96b8dc-233a-4884-ab84-235cbc7df0b6.jpg?1624592210,,,,,false,false
Glorybringer,5,Creature — Dragon,R,AKH,134,Rare,Red,Not Owned,Non-Foil,mainboard,false,https://cards.scryfall.io/normal/front/3/2/3277ad99-5682-4baa-b106-de15721876a6.jpg?1543675596,,,,,false,false
Goldspan Dragon,5,Creature — Dragon,R,KHM,139,Mythic,Red,Not Owned,Non-Foil,mainboard,false,https://cards.scryfall.io/normal/front/9/d/9d914868-9000-4df2-a818-0ef8a7f636ae.jpg?1665343456,,,,,false,false
"Ilharg, the Raze-Boar",5,Legendary Creature — Boar God,R,WAR,133,Mythic,Red,Not Owned,Non-Foil,mainboard,false,https://cards.scryfall.io/normal/front/c/0/c0109b60-09aa-4a03-92e7-0c651d976d51.jpg?1559959377,,,,,false,false
"Kiki-Jiki, Mirror Breaker",5,Legendary Creature — Goblin Shaman,R,CHK,175,Rare,Red,Not Owned,Non-Foil,mainboard,false,https://cards.scryfall.io/normal/front/1/6/162018eb-5483-4fa2-9c5a-abb639eecf91.jpg?1562757915,,,,,false,false
Nesting Dragon,5,Creature — Dragon,R,C18,24,Rare,Red,Not Owned,Non-Foil,mainboard,false,https://cards.scryfall.io/normal/front/8/b/8b027eb1-9010-4700-a941-fa024a688d3e.jpg?1592710166,,,,,false,false
Siege-Gang Commander,5,Creature — Goblin,R,SCG,103,Rare,Red,Not Owned,Non-Foil,mainboard,false,https://cards.scryfall.io/normal/front/9/2/92e78cec-aaf9-4fe8-887b-b7e356d63315.jpg?1562532154,,,,,false,false
Zealous Conscripts,5,Creature — Human Warrior,R,AVR,166,Rare,Red,Not Owned,Non-Foil,mainboard,false,https://cards.scryfall.io/normal/front/f/c/fc027b11-1ecc-430d-a862-586a14bb23c3.jpg?1592709268,,,,,false,false
"Etali, Primal Storm",6,Legendary Creature — Elder Dinosaur,R,RIX,100,Rare,Red,Not Owned,Non-Foil,mainboard,false,https://cards.scryfall.io/normal/front/1/d/1d3d8bb4-0430-45bb-930d-5d6db6521945.jpg?1587309687,,,,,false,false
Inferno Titan,6,Creature — Giant,R,M11,146,Mythic,Red,Not Owned,Non-Foil,mainboard,false,https://cards.scryfall.io/normal/front/f/1/f1e4a028-6462-4373-9864-a8adfc78d52b.jpg?1562480719,,,,,false,false
"Drakuseth, Maw of Flames",7,Legendary Creature — Dragon,R,M20,136,Rare,Red,Not Owned,Non-Foil,mainboard,false,https://cards.scryfall.io/normal/front/d/0/d09af78f-efde-4107-8406-cb12fd11c686.jpg?1592516912,,,,,false,false
Molten Primordial,7,Creature — Avatar,R,GTC,101,Rare,Red,Not Owned,Non-Foil,mainboard,false,https://cards.scryfall.io/normal/front/a/8/a8f5c7e2-f4da-4cee-a7d0-80b29bb73acd.jpg?1561840928,,,,,false,false
Tyrant's Familiar,7,Creature — Dragon,R,C14,39,Rare,Red,Not Owned,Non-Foil,mainboard,false,https://cards.scryfall.io/normal/front/1/5/1513760a-8bd1-4442-a12a-a639b305ad38.jpg?1561933517,,,,,false,false
"Chandra, Torch of Defiance",4,Legendary Planeswalker — Chandra,R,KLD,110,Mythic,Red,Not Owned,Non-Foil,mainboard,false,https://cards.scryfall.io/normal/front/f/f/ff8086cd-b868-4f4e-823e-2635ad7ebc07.jpg?1576381994,,,,,false,false
"Chandra, Awakened Inferno",6,Legendary Planeswalker — Chandra,R,M20,127,Mythic,Red,Not Owned,Non-Foil,mainboard,false,https://cards.scryfall.io/normal/front/4/9/49d2a680-4f3b-4bfa-b77b-d2dfaced9f23.jpg?1592516849,,,,,false,false
Lightning Bolt,1,Instant,R,LEA,161,Common,Red,Not Owned,Non-Foil,mainboard,false,https://cards.scryfall.io/normal/front/d/5/d573ef03-4730-45aa-93dd-e45ac1dbaf4a.jpg?1559591645,,,,,false,false
Unholy Heat,1,Instant,R,MH2,145,Common,Red,Not Owned,Non-Foil,mainboard,false,https://cards.scryfall.io/normal/front/2/b/2b73d294-6ab1-4051-9b0f-d8e335d37674.jpg?1626097096,,,,,false,false
Abrade,2,Instant,R,HOU,83,Uncommon,Red,Not Owned,Non-Foil,mainboard,false,https://cards.scryfall.io/normal/front/8/4/84319dfb-eaf7-4b98-8c4f-30f5e779591b.jpg?1562805721,,,,,false,false
Comet Storm,2,Instant,R,WWK,76,Mythic,Red,Not Owned,Non-Foil,mainboard,false,https://cards.scryfall.io/normal/front/5/8/58d8b2c8-7afe-4299-b59b-8cd2cdc8d4cb.jpg?1562287814,,,,,false,false
Demand Answers,2,Instant,R,MKM,122,Common,Red,Not Owned,Non-Foil,mainboard,false,https://cards.scryfall.io/normal/front/e/c/eca092fc-7c67-4a73-989e-5297bbaaea76.jpg?1706241852,,,,,false,false
Starstorm,2,Instant,R,ONS,238,Rare,Red,Not Owned,Non-Foil,mainboard,false,https://cards.scryfall.io/normal/front/b/5/b54d72ba-05ce-4299-a7c3-a9e9f126fffb.jpg?1562937719,,,,,false,false
Wild Magic Surge,2,Instant,R,CLB,206,Uncommon,Red,Not Owned,Non-Foil,mainboard,false,https://cards.scryfall.io/normal/front/c/4/c4c89d88-9d40-46b6-bee0-6bc2e2ca8ba1.jpg?1674136859,,,,,false,false
Chaos Warp,3,Instant,R,CMD,114,Rare,Red,Not Owned,Non-Foil,mainboard,false,https://cards.scryfall.io/normal/front/0/4/042431bc-0b21-4920-802f-6dd02e4c8721.jpg?1592713490,,,,,false,false
Guff Rewrites History,3,Instant,R,CMM,737,Rare,Red,Not Owned,Non-Foil,mainboard,false,https://cards.scryfall.io/normal/front/e/1/e16c6ab7-cab9-4ee3-9f17-d6817f61efcc.jpg?1690003194,,,,,false,false
Tempt with Mayhem,3,Instant,R,M3C,114,Rare,Red,Not Owned,Non-Foil,mainboard,false,https://cards.scryfall.io/normal/front/0/8/085cb059-6cab-4725-95fb-de484167a5d4.jpg?1721158968,,,,,false,false
Big Score,4,Instant,R,SNC,102,Common,Red,Not Owned,Non-Foil,mainboard,false,https://cards.scryfall.io/normal/front/3/9/39d1578f-e2cf-4b93-8204-ed5434feb183.jpg?1664411405,,,,,false,false
Blaze,1,Sorcery,R,POR,118,Uncommon,Red,Not Owned,Non-Foil,mainboard,false,https://cards.scryfall.io/normal/front/f/1/f175c959-3b5d-46a3-9194-fad2359bbff9.jpg?1546740055,,,,,false,false
Faithless Looting,1,Sorcery,R,DKA,87,Common,Red,Not Owned,Non-Foil,mainboard,false,https://cards.scryfall.io/normal/front/a/1/a1b0da17-d595-441d-811c-a2d28d2bb232.jpg?1562933173,,,,,false,false
Gamble,1,Sorcery,R,SPG,24,Mythic,Red,Not Owned,Non-Foil,mainboard,false,https://cards.scryfall.io/normal/front/6/d/6d289cdd-3afa-48dd-9c90-3d8f9df79f16.jpg?1707429361,,,,,false,false
Vandalblast,1,Sorcery,R,RTR,111,Uncommon,Red,Not Owned,Non-Foil,mainboard,false,https://cards.scryfall.io/normal/front/5/9/5925c559-3e3c-481b-ba95-20a405cbffce.jpg?1562786728,,,,,false,false
Jeska's Will,3,Sorcery,R,CMR,187,Rare,Red,Not Owned,Non-Foil,mainboard,false,https://cards.scryfall.io/normal/front/4/e/4e91d96d-cc69-439b-b876-a7d57039022c.jpg?1608910286,,,,,false,false
Sweltering Suns,3,Sorcery,R,AKH,149,Rare,Red,Not Owned,Non-Foil,mainboard,false,https://cards.scryfall.io/normal/front/f/1/f11cd406-c6ae-4018-ae45-4e5577aa82ae.jpg?1543675701,,,,,false,false
Chain Reaction,4,Sorcery,R,WWK,74,Rare,Red,Not Owned,Non-Foil,mainboard,false,https://cards.scryfall.io/normal/front/6/1/614b9df9-c959-4bdb-91c0-75ae60b724e4.jpg?1567754665,,,,,false,false
Fiery Confluence,4,Sorcery,R,C15,26,Rare,Red,Not Owned,Non-Foil,mainboard,false,https://cards.scryfall.io/normal/front/7/b/7b61c9bc-16e8-417f-99e7-8bd83d4666c5.jpg?1562706203,,,,,false,false
Mizzix's Mastery,4,Sorcery,R,C15,29,Rare,Red,Not Owned,Non-Foil,mainboard,false,https://cards.scryfall.io/normal/front/6/b/6b5e28e8-1e6d-4e7f-bc85-427bb39ae14b.jpg?1562705436,,,,,false,false
Chandra's Ignition,5,Sorcery,R,ORI,137,Rare,Red,Not Owned,Non-Foil,mainboard,false,https://cards.scryfall.io/normal/front/7/d/7d4c90de-49aa-43ed-a18a-f7f96268e5eb.jpg?1562027623,,,,,false,false
Pyretic Charge,5,Sorcery,R,OTC,29,Rare,Red,Not Owned,Non-Foil,mainboard,false,https://cards.scryfall.io/normal/front/d/c/dc7a4733-63d9-4b47-8a2e-85d30fe82569.jpg?1712353849,,,,,false,false
Elemental Eruption,6,Sorcery,R,OTC,27,Rare,Red,Not Owned,Non-Foil,mainboard,false,https://cards.scryfall.io/normal/front/3/2/32126592-a988-4171-b52e-cca80b881aff.jpg?1712353840,,,,,false,false
Blasphemous Act,9,Sorcery,R,ISD,130,Rare,Red,Not Owned,Non-Foil,mainboard,false,https://cards.scryfall.io/normal/front/5/0/509ce648-fb76-486d-8b39-183e368b7cb7.jpg?1562830111,,,,,false,false
Cursed Mirror,3,Artifact,R,C21,50,Rare,Red,Not Owned,Non-Foil,mainboard,false,https://cards.scryfall.io/normal/front/4/5/458a01ea-f161-43a4-a6db-88f6418b9c6d.jpg?1625191958,,,,,false,false
The Reaver Cleaver,3,Legendary Artifact — Equipment,R,DMC,8,Rare,Red,Not Owned,Non-Foil,mainboard,false,https://cards.scryfall.io/normal/front/5/b/5bcd1591-b5b9-49fc-9f2a-45f31ed1871e.jpg?1673304737,,,,,false,false
Goblin Bombardment,2,Enchantment,R,TMP,179,Uncommon,Red,Not Owned,Non-Foil,mainboard,false,https://cards.scryfall.io/normal/front/1/7/179e954f-1d90-4ef4-b800-25845cc338e2.jpg?1562052788,,,,,false,false
Alchemist's Talent,4,Enchantment — Class,R,BLC,22,Rare,Red,Not Owned,Non-Foil,mainboard,false,https://cards.scryfall.io/normal/front/2/f/2fb8dace-c604-40fc-bbd4-5add5deb041a.jpg?1739656564,,,,,false,false
Outpost Siege,4,Enchantment,R,FRF,110,Rare,Red,Not Owned,Non-Foil,mainboard,false,https://cards.scryfall.io/normal/front/8/8/880f6602-f335-4ad8-9e2f-f32b6d715f72.jpg?1648060713,,,,,false,false
Rain of Riches,5,Enchantment,R,NCC,50,Rare,Red,Not Owned,Non-Foil,mainboard,false,https://cards.scryfall.io/normal/front/1/c/1c5241c1-ffe9-4490-b4df-7e91c372c27c.jpg?1673482136,,,,,false,false
Arcane Bombardment,6,Enchantment,R,SNC,101,Mythic,Red,Not Owned,Non-Foil,mainboard,false,https://cards.scryfall.io/normal/front/3/1/31f1b2bd-fe06-45ec-99dc-ff357a7a31d2.jpg?1664411388,,,,,false,false
Warstorm Surge,6,Enchantment,R,M12,160,Rare,Red,Not Owned,Non-Foil,mainboard,false,https://cards.scryfall.io/normal/front/b/1/b16443df-52c6-4c9d-a7ff-89a37e593a0a.jpg?1562655722,,,,,false,false
Birds of Paradise,1,Creature — Bird,G,SLD,1675,Rare,Green,Not Owned,Non-Foil,mainboard,false,https://cards.scryfall.io/normal/front/d/a/dae8751c-4c72-4034-a192-a1e166f20246.jpg?1733255382,,,,,false,false
Fyndhorn Elves,1,Creature — Elf Druid,G,ICE,244,Common,Green,Not Owned,Non-Foil,mainboard,false,https://cards.scryfall.io/normal/front/3/b/3ba95ffa-990a-4013-98b7-5d8c0b34e9c4.jpg?1562905989,,,,,false,false
Gilded Goose,1,Creature — Bird,G,ELD,160,Rare,Green,Not Owned,Non-Foil,mainboard,false,https://cards.scryfall.io/normal/front/3/0/30377bf0-d9b1-4c14-8dde-f74b1e02d604.jpg?1572490572,,,,,false,false
Cankerbloom,2,Creature — Phyrexian Fungus,G,ONE,161,Uncommon,Green,Not Owned,Non-Foil,mainboard,false,https://cards.scryfall.io/normal/front/8/9/89b39293-6f57-4294-85fc-c718bdbb4d40.jpg?1675957129,,,,,false,false
Llanowar Loamspeaker,2,Creature — Elf Druid,G,DMU,170,Rare,Green,Not Owned,Non-Foil,mainboard,false,https://cards.scryfall.io/normal/front/b/d/bd5611db-82dd-464d-8b03-70d7619dcefe.jpg?1673307732,,,,,false,false
Lotus Cobra,2,Creature — Snake,G,ZEN,168,Mythic,Green,Not Owned,Non-Foil,mainboard,false,https://cards.scryfall.io/normal/front/1/9/19adde22-e5eb-4815-beb6-c520b3274cc9.jpg?1562610219,,,,,false,false
Poison Dart Frog,2,Creature — Frog,G,LCI,207,Common,Green,Not Owned,Non-Foil,mainboard,false,https://cards.scryfall.io/normal/front/6/2/62c1f09a-9d17-415c-8afa-cd0b62abe48d.jpg?1699044475,,,,,false,false
Sakura-Tribe Elder,2,Creature — Snake Shaman,G,CHK,239,Common,Green,Not Owned,Non-Foil,mainboard,false,https://cards.scryfall.io/normal/front/9/1/91c7707a-bae0-4196-bf26-d276f57b7369.jpg?1562762515,,,,,false,false
Satyr Wayfinder,2,Creature — Satyr,G,BNG,136,Common,Green,Not Owned,Non-Foil,mainboard,false,https://cards.scryfall.io/normal/front/1/3/13c5a1ce-932a-4b3d-8b86-ed920e646afc.jpg?1593092623,,,,,false,false
Scavenging Ooze,2,Creature — Ooze,G,CMD,170,Rare,Green,Not Owned,Non-Foil,mainboard,false,https://cards.scryfall.io/normal/front/3/7/371ceb58-f498-4616-a7f0-eb118fe2e4ff.jpg?1592713863,,,,,false,false
Trailtracker Scout,2,Creature — Raccoon Scout,G,BLC,35,Rare,Green,Not Owned,Non-Foil,mainboard,false,https://cards.scryfall.io/normal/front/3/6/36ee967a-3cac-4fff-b616-ec2557c676f2.jpg?1721431413,,,,,false,false
Courser of Kruphix,3,Enchantment Creature — Centaur,G,BNG,119,Rare,Green,Not Owned,Non-Foil,mainboard,false,https://cards.scryfall.io/normal/front/d/a/da5a807f-58e8-4d92-a61c-47bb9b28977f.jpg?1593092436,,,,,false,false
Dryad of the Ilysian Grove,3,Enchantment Creature — Nymph Dryad,G,THB,169,Rare,Green,Not Owned,Non-Foil,mainboard,false,https://cards.scryfall.io/normal/front/6/d/6d964876-194b-49f1-8e74-cfe9269f2c62.jpg?1584114361,,,,,false,false
Eternal Witness,3,Creature — Human Shaman,G,5DN,86,Uncommon,Green,Not Owned,Non-Foil,mainboard,false,https://cards.scryfall.io/normal/front/c/7/c7e10ca7-1e5d-4224-82cf-798a4d436d72.jpg?1562879671,,,,,false,false
Managorger Hydra,3,Creature — Hydra,G,ORI,186,Rare,Green,Not Owned,Non-Foil,mainboard,false,https://cards.scryfall.io/normal/front/1/a/1a08e5ab-1ff9-4470-ab28-fea19bb79845.jpg?1562009158,,,,,false,false
Polygoyf,3,Creature — Lhurgoyf,G,M3C,117,Rare,Green,Not Owned,Non-Foil,mainboard,false,https://cards.scryfall.io/normal/front/d/7/d79acd74-83d3-46fb-b9b6-020d6b2fad73.jpg?1721158988,,,,,false,false
Ramunap Excavator,3,Creature — Snake Cleric,G,HOU,129,Rare,Green,Not Owned,Non-Foil,mainboard,false,https://cards.scryfall.io/normal/front/9/0/90a54d18-8403-441d-a115-ee462fabdabb.jpg?1591196120,,,,,false,false
Reclamation Sage,3,Creature — Elf Shaman,G,M15,194,Uncommon,Green,Not Owned,Non-Foil,mainboard,false,https://cards.scryfall.io/normal/front/4/7/47227cfa-4cef-4874-b331-d2f628f29dae.jpg?1562786302,,,,,false,false
"Rishkar, Peema Renegade",3,Legendary Creature — Elf Druid,G,AER,122,Rare,Green,Not Owned,Non-Foil,mainboard,false,https://cards.scryfall.io/normal/front/7/c/7cff0dc6-5455-4dea-940b-dff7fe88dc5d.jpg?1576382069,,,,,false,false
Scute Swarm,3,Creature — Insect,G,ZNR,203,Rare,Green,Not Owned,Non-Foil,mainboard,false,https://cards.scryfall.io/normal/front/6/1/61f42823-8a48-4b81-a037-664ba1c69f29.jpg?1604199402,,,,,false,false
"Selvala, Heart of the Wilds",3,Legendary Creature — Elf Scout,G,CMM,320,Mythic,Green,Not Owned,Non-Foil,mainboard,false,https://cards.scryfall.io/normal/front/7/d/7d711cb2-4f34-4792-90d7-2be5d329a347.jpg?1689998846,,,,,false,false
Six,3,Legendary Creature — Treefolk,G,MH3,169,Rare,Green,Not Owned,Non-Foil,mainboard,false,https://cards.scryfall.io/normal/front/f/9/f9246b68-580f-4f53-883d-7900880e4b0d.jpg?1717012579,,,,,false,false
Springbloom Druid,3,Creature — Elf Druid,G,MH1,181,Common,Green,Not Owned,Non-Foil,mainboard,false,https://cards.scryfall.io/normal/front/6/1/6161d2ed-7cff-4c90-9e74-1d179a6c1498.jpg?1562202198,,,,,false,false
Tireless Provisioner,3,Creature — Elf Scout,G,PLST,MH2-180,Uncommon,Green,Not Owned,Non-Foil,mainboard,false,https://cards.scryfall.io/normal/front/1/1/1163fe84-c5d5-42c8-b7cd-d206a9b0bd3f.jpg?1684198074,,,,,false,false
Tireless Tracker,3,Creature — Human Scout,G,SOI,233,Rare,Green,Not Owned,Non-Foil,mainboard,false,https://cards.scryfall.io/normal/front/e/e/ee8e9928-d9b2-4570-adb8-44b34115decd.jpg?1665822990,,,,,false,false
Beast Whisperer,4,Creature — Elf Druid,G,GRN,123,Rare,Green,Not Owned,Non-Foil,mainboard,false,https://cards.scryfall.io/normal/front/9/d/9da6f595-41b2-4e52-b15a-6ad18e4232c7.jpg?1572893306,,,,,false,false
Brightcap Badger,4,Creature — Badger Druid,G,BLC,28,Rare,Green,Not Owned,Non-Foil,mainboard,false,https://cards.scryfall.io/normal/front/0/e/0e843102-b8cc-4bc8-872e-79924197f4cc.jpg?1722207251,,,,,false,false
Forgotten Ancient,4,Creature — Elemental,G,SCG,120,Rare,Green,Not Owned,Non-Foil,mainboard,false,https://cards.scryfall.io/normal/front/4/9/49d3b91d-2e4f-4574-89f8-7b804f1d21bf.jpg?1562528527,,,,,false,false
"Toski, Bearer of Secrets",4,Legendary Creature — Squirrel,G,KHM,197,Rare,Green,Not Owned,Non-Foil,mainboard,false,https://cards.scryfall.io/normal/front/f/9/f9e79b59-94c8-4697-bf88-f0a0433170f5.jpg?1631051021,,,,,false,false
Acidic Slime,5,Creature — Ooze,G,CMM,270,Uncommon,Green,Not Owned,Non-Foil,mainboard,false,https://cards.scryfall.io/normal/front/9/3/932d48fb-42b5-4aaa-a91c-d35cdb5e41a3.jpg?1689998325,,,,,false,false
Deep Forest Hermit,5,Creature — Elf Druid,G,MH1,161,Rare,Green,Not Owned,Non-Foil,mainboard,false,https://cards.scryfall.io/normal/front/3/2/3287775f-7bec-4e8f-bb8d-daf5ce92e4a8.jpg?1562202056,,,,,false,false
Evercoat Ursine,5,Creature — Elemental Bear,G,BLC,30,Rare,Green,Not Owned,Non-Foil,mainboard,false,https://cards.scryfall.io/normal/front/b/2/b299d768-b171-47e5-b69d-82ce13917c43.jpg?1721440993,,,,,false,false
Kalonian Hydra,5,Creature — Hydra,G,M14,181,Mythic,Green,Not Owned,Non-Foil,mainboard,false,https://cards.scryfall.io/normal/front/4/3/438bd3c1-98f2-4fcc-8521-995c6c5c1a79.jpg?1562828503,,,,,false,false
Tendershoot Dryad,5,Creature — Dryad,G,RIX,147,Rare,Green,Not Owned,Non-Foil,mainboard,false,https://cards.scryfall.io/normal/front/a/1/a159830a-698f-423c-9da0-a734b210ecab.jpg?1555040748,,,,,false,false
Hydra Broodmaster,6,Creature — Hydra,G,JOU,128,Rare,Green,Not Owned,Non-Foil,mainboard,false,https://cards.scryfall.io/normal/front/6/b/6b465289-676d-4c34-84d3-ce8daf0fd40e.jpg?1593096225,,,,,false,false
Rampaging Baloths,6,Creature — Beast,G,ZEN,178,Mythic,Green,Not Owned,Non-Foil,mainboard,false,https://cards.scryfall.io/normal/front/6/6/66ae703d-b133-4749-9d38-216abe6c6647.jpg?1694732096,,,,,false,false
Sweet-Gum Recluse,6,Creature — Spider,G,CMR,260,Rare,Green,Not Owned,Non-Foil,mainboard,false,https://cards.scryfall.io/normal/front/3/f/3fd331b3-43cd-421a-964d-d3b35bb8abcb.jpg?1608910959,,,,,false,false
Avenger of Zendikar,7,Creature — Elemental,G,WWK,96,Mythic,Green,Not Owned,Non-Foil,mainboard,false,https://cards.scryfall.io/normal/front/d/d/dde073e0-f329-4ab0-8e31-a48929e017ce.jpg?1562297643,,,,,false,false
Foe-Razer Regent,7,Creature — Dragon,G,DTK,187,Rare,Green,Not Owned,Non-Foil,mainboard,false,https://cards.scryfall.io/normal/front/0/4/04a266c3-de47-4e94-bdc4-210e34981de3.jpg?1562781935,,,,,false,false
"Zopandrel, Hunger Dominus",7,Legendary Creature — Phyrexian Horror,G,ONE,195,Mythic,Green,Not Owned,Non-Foil,mainboard,false,https://cards.scryfall.io/normal/front/f/b/fb419d9d-e06f-48c8-a4f8-a57f9be39e50.jpg?1675957181,,,,,false,false
Apex Devastator,10,Creature — Chimera Hydra,G,CMR,217,Mythic,Green,Not Owned,Non-Foil,mainboard,false,https://cards.scryfall.io/normal/front/8/f/8fa281e1-5c48-4bba-b8e9-88c6f5f53abb.jpg?1608910550,,,,,false,false
"Ghalta, Primal Hunger",12,Legendary Creature — Elder Dinosaur,G,RIX,130,Rare,Green,Not Owned,Non-Foil,mainboard,false,https://cards.scryfall.io/normal/front/0/1/0104b5b3-9376-4ad7-9a77-3e564e9c42e6.jpg?1555040636,,,,,false,false
Vivien Reid,5,Legendary Planeswalker — Vivien,G,M19,208,Mythic,Green,Not Owned,Non-Foil,mainboard,false,https://cards.scryfall.io/normal/front/6/8/681fbd66-b622-4f20-a860-f101aff21109.jpg?1562302655,,,,,false,false
Berserk,1,Instant,G,LEA,185,Uncommon,Green,Not Owned,Non-Foil,mainboard,false,https://cards.scryfall.io/normal/front/e/1/e173c8ce-2352-405e-ad00-e3bb94ced1ad.jpg?1559591668,,,,,false,false
Arachnogenesis,3,Instant,G,C15,32,Rare,Green,Not Owned,Non-Foil,mainboard,false,https://cards.scryfall.io/normal/front/7/9/7967cb69-1868-45c0-92d1-39dabe30f2a2.jpg?1562706128,,,,,false,false
Beast Within,3,Instant,G,NPH,103,Uncommon,Green,Not Owned,Non-Foil,mainboard,false,https://cards.scryfall.io/normal/front/c/e/ce5b6d19-22e3-4f57-8f4d-a17e982286c7.jpg?1562881648,,,,,false,false
Collected Company,4,Instant,G,DTK,177,Rare,Green,Not Owned,Non-Foil,mainboard,false,https://cards.scryfall.io/normal/front/c/f/cfa7b456-7e83-4587-a875-9b35fde318c2.jpg?1582117536,,,,,false,false
Second Harvest,4,Instant,G,SOI,227,Rare,Green,Not Owned,Non-Foil,mainboard,false,https://cards.scryfall.io/normal/front/4/d/4d0c5127-cd17-4859-8de8-165c4c748e89.jpg?1576385224,,,,,false,false
Return of the Wildspeaker,5,Instant,G,ELD,172,Rare,Green,Not Owned,Non-Foil,mainboard,false,https://cards.scryfall.io/normal/front/b/8/b88a4943-bd1b-4d10-9cd3-b2ab91b25c10.jpg?1572490646,,,,,false,false
Green Sun's Zenith,1,Sorcery,G,MBS,81,Rare,Green,Not Owned,Non-Foil,mainboard,false,https://cards.scryfall.io/normal/front/0/2/02335747-54e3-4827-ae19-4e362863da9b.jpg?1764758773,,,,,false,false
Explore,2,Sorcery,G,WWK,99,Common,Green,Not Owned,Non-Foil,mainboard,false,https://cards.scryfall.io/normal/front/d/8/d8f81e8a-e309-4bac-81de-326756cd8901.jpg?1562297169,,,,,false,false
Farseek,2,Sorcery,G,RAV,163,Common,Green,Not Owned,Non-Foil,mainboard,false,https://cards.scryfall.io/normal/front/8/1/8180abec-9459-4b81-987e-b1794e45d543.jpg?1598916228,,,,,false,false
Malevolent Rumble,2,Sorcery,G,MH3,161,Common,Green,Not Owned,Non-Foil,mainboard,false,https://cards.scryfall.io/normal/front/a/1/a178cfe8-f9fa-4255-88d0-54a0bed079f5.jpg?1717012517,,,,,false,false
Rampant Growth,2,Sorcery,G,MIR,235,Common,Green,Not Owned,Non-Foil,mainboard,false,https://cards.scryfall.io/normal/front/a/9/a9dd8043-4099-42bb-9d54-4efc8b38fe18.jpg?1562720967,,,,,false,false
Three Visits,2,Sorcery,G,PTK,153,Common,Green,Not Owned,Non-Foil,mainboard,false,https://cards.scryfall.io/normal/front/3/0/306d22ae-657e-4b52-8cd9-6fc3df9e8376.jpg?1562256061,,,,,false,false
Wear Down,2,Sorcery,G,BLB,203,Uncommon,Green,Not Owned,Non-Foil,mainboard,false,https://cards.scryfall.io/normal/front/f/d/fded2b83-3b7d-4c8c-83c4-0624a1069628.jpg?1721426996,,,,,false,false
Cultivate,3,Sorcery,G,M11,168,Common,Green,Not Owned,Non-Foil,mainboard,false,https://cards.scryfall.io/normal/front/2/e/2ef3dbe4-5c03-4be4-ab48-45b6689b6712.jpg?1562455034,,,,,false,false
Kodama's Reach,3,Sorcery — Arcane,G,CHK,225,Common,Green,Not Owned,Non-Foil,mainboard,false,https://cards.scryfall.io/normal/front/8/5/85d207ac-0680-47ef-85d9-4323c1321d6f.jpg?1562762062,,,,,false,false
Harmonize,4,Sorcery,G,PLC,149,Uncommon,Green,Not Owned,Non-Foil,mainboard,false,https://cards.scryfall.io/normal/front/4/b/4b90dbd0-4672-4c0b-92eb-262ddd11cd32.jpg?1562571180,,,,,false,false
Rootcast Apprenticeship,4,Sorcery,G,BLC,32,Rare,Green,Not Owned,Non-Foil,mainboard,false,https://cards.scryfall.io/normal/front/0/0/00756441-a734-4960-9c69-f03a508a1522.jpg?1721428296,,,,,false,false
Shamanic Revelation,5,Sorcery,G,FRF,138,Rare,Green,Not Owned,Non-Foil,mainboard,false,https://cards.scryfall.io/normal/front/5/c/5c7f2c73-26d8-42a6-acde-2c5a2f4e21a1.jpg?1562825628,,,,,false,false
Esika's Chariot,4,Legendary Artifact — Vehicle,G,KHM,169,Rare,Green,Not Owned,Non-Foil,mainboard,false,https://cards.scryfall.io/normal/front/a/8/a87606cc-fbf0-4e2c-9798-f1c935d0573d.jpg?1665343333,,,,,false,false
Kenrith's Transformation,2,Enchantment — Aura,G,ELD,164,Uncommon,Green,Not Owned,Non-Foil,mainboard,false,https://cards.scryfall.io/normal/front/6/d/6da7cd39-1f8a-4f68-adb7-df2beac02263.jpg?1572490600,,,,,false,false
Sylvan Library,2,Enchantment,G,DMR,179,Mythic,Green,Not Owned,Non-Foil,mainboard,false,https://cards.scryfall.io/normal/front/6/a/6ada256f-2e55-4c1f-b4d3-d7b10b498956.jpg?1675200566,,,,,false,false
Beastmaster Ascension,3,Enchantment,G,ZEN,159,Rare,Green,Not Owned,Non-Foil,mainboard,false,https://cards.scryfall.io/normal/front/0/2/02d7ea78-d539-4c34-8bb3-941353e3da46.jpg?1562609359,,,,,false,false
Garruk's Uprising,3,Enchantment,G,M21,186,Uncommon,Green,Not Owned,Non-Foil,mainboard,false,https://cards.scryfall.io/normal/front/7/1/71a4860a-8bb6-45c0-b00a-b4a42da33ab9.jpg?1594737017,,,,,false,false
Song of the Dryads,3,Enchantment — Aura,G,C14,47,Rare,Green,Not Owned,Non-Foil,mainboard,false,https://cards.scryfall.io/normal/front/9/4/94914c52-498d-4e15-89e5-7b23e02cf453.jpg?1561950638,,,,,false,false
Bear Umbra,4,Enchantment — Aura,G,ROE,177,Rare,Green,Not Owned,Non-Foil,mainboard,false,https://cards.scryfall.io/normal/front/2/1/212a953b-3205-41bf-a5b2-5b852e889c5a.jpg?1562701882,,,,,false,false
Greater Good,4,Enchantment,G,USG,257,Rare,Green,Not Owned,Non-Foil,mainboard,false,https://cards.scryfall.io/normal/front/1/2/12befd35-2dc6-4852-a153-75b553042643.jpg?1562898942,,,,,false,false
Parallel Lives,4,Enchantment,G,ISD,199,Rare,Green,Not Owned,Non-Foil,mainboard,false,https://cards.scryfall.io/normal/front/0/1/01033dae-fec1-41f2-b7f2-cc6a43331790.jpg?1562825348,,,,,false,false
Doubling Season,5,Enchantment,G,RAV,158,Rare,Green,Not Owned,Non-Foil,mainboard,false,https://cards.scryfall.io/normal/front/c/7/c7e71299-98f6-494e-b187-8d22ce5f50af.jpg?1598916131,,,,,false,false
Thickest in the Thicket,5,Enchantment,G,BLC,34,Rare,Green,Not Owned,Non-Foil,mainboard,false,https://cards.scryfall.io/normal/front/8/2/821f01e4-082e-424a-ae77-4053da893eb2.jpg?1721428307,,,,,false,false
Primeval Bounty,6,Enchantment,G,M14,190,Mythic,Green,Not Owned,Non-Foil,mainboard,false,https://cards.scryfall.io/normal/front/e/7/e750d55d-d5e8-4abe-99cf-f6b8ba86cf16.jpg?1562836598,,,,,false,false
Walking Ballista,0,Artifact Creature — Construct,,AER,181,Rare,Colorless,Not Owned,Non-Foil,mainboard,false,https://cards.scryfall.io/normal/front/3/2/329a8738-3e17-403a-857a-0ba529ce8cd1.jpg?1576382470,,,,,false,false
Ornithopter of Paradise,2,Artifact Creature — Thopter,,MH2,232,Common,Colorless,Not Owned,Non-Foil,mainboard,false,https://cards.scryfall.io/normal/front/0/2/025b0f0f-daf6-4071-82e7-39c015447ce4.jpg?1626108479,,,,,false,false
Academy Manufactor,3,Artifact Creature — Assembly-Worker,,MH2,219,Rare,Colorless,Not Owned,Non-Foil,mainboard,false,https://cards.scryfall.io/normal/front/9/0/90744c2c-6dd7-4623-8cbf-b138b83ee88f.jpg?1776915593,,,,,false,false
Solemn Simulacrum,4,Artifact Creature — Golem,,MRD,245,Rare,Colorless,Not Owned,Non-Foil,mainboard,false,https://cards.scryfall.io/normal/front/0/0/00f9955f-a522-47bf-b064-92dd21a76b18.jpg?1562133717,,,,,false,false
Duplicant,6,Artifact Creature — Shapeshifter,,MRD,165,Rare,Colorless,Not Owned,Non-Foil,mainboard,false,https://cards.scryfall.io/normal/front/d/4/d48a96f2-738f-433f-bfae-fbf378832a3b.jpg?1562158923,,,,,false,false
Steel Hellkite,6,Artifact Creature — Dragon,,SOM,205,Rare,Colorless,Not Owned,Non-Foil,mainboard,false,https://cards.scryfall.io/normal/front/b/1/b126ee24-9597-4ee8-9c4d-5caed585424a.jpg?1562821865,,,,,false,false
Meteor Golem,7,Artifact Creature — Golem,,SLD,1660,Rare,Colorless,Not Owned,Non-Foil,mainboard,false,https://cards.scryfall.io/normal/front/3/2/32758999-b0f1-4acc-b59a-ead3dce27724.jpg?1739789136,,,,,false,false
Ancient Stone Idol,10,Artifact Creature — Golem,,C18,53,Rare,Colorless,Not Owned,Non-Foil,mainboard,false,https://cards.scryfall.io/normal/front/d/3/d3975f5c-5dcd-40b8-9311-01a173c40381.jpg?1592710342,,,,,false,false
"Kozilek, Butcher of Truth",10,Legendary Creature — Eldrazi,,ROE,6,Mythic,Colorless,Not Owned,Non-Foil,mainboard,false,https://cards.scryfall.io/normal/front/0/6/067fac91-2483-4678-b86a-2c54a3a480cf.jpg?1753786727,,,,,false,false
"Karn, Scion of Urza",4,Legendary Planeswalker — Karn,,DOM,1,Mythic,Colorless,Not Owned,Non-Foil,mainboard,false,https://cards.scryfall.io/normal/front/0/7/07a3d9e8-8597-498b-869c-cff79e0df516.jpg?1562730952,,,,,false,false
"Ugin, the Spirit Dragon",8,Legendary Planeswalker — Ugin,,FRF,1,Mythic,Colorless,Not Owned,Non-Foil,mainboard,false,https://cards.scryfall.io/normal/front/5/8/58c1e824-c8a9-4312-8e4c-a29a26d189a4.jpg?1562825451,,,,,false,false
Everflowing Chalice,0,Artifact,,WWK,123,Uncommon,Colorless,Not Owned,Non-Foil,mainboard,false,https://cards.scryfall.io/normal/front/1/f/1fdcc0c3-4029-4fc3-a486-5d7f45c910bd.jpg?1562283219,,,,,false,false
Expedition Map,1,Artifact,,J22,765,Common,Colorless,Not Owned,Non-Foil,mainboard,false,https://cards.scryfall.io/normal/front/f/f/ff02f3e9-7bee-486c-9f19-9fac52c93418.jpg?1675652329,,,,,false,false
Sensei's Divining Top,1,Artifact,,CHK,268,Uncommon,Colorless,Not Owned,Non-Foil,mainboard,false,https://cards.scryfall.io/normal/front/4/a/4a08ca06-58db-4ce6-b490-be4bea8956a1.jpg?1562759858,,,,,false,false
Skullclamp,1,Artifact — Equipment,,DST,140,Uncommon,Colorless,Not Owned,Non-Foil,mainboard,false,https://cards.scryfall.io/normal/front/5/5/55318397-de3c-47ea-a088-72a24df5c8fa.jpg?1562636939,,,,,false,false
Soul-Guide Lantern,1,Artifact,,THB,237,Uncommon,Colorless,Not Owned,Non-Foil,mainboard,false,https://cards.scryfall.io/normal/front/7/c/7c850b94-75c9-4457-8b5e-1193352d6fcb.jpg?1581481214,,,,,false,false
Wayfarer's Bauble,1,Artifact,,5DN,165,Common,Colorless,Not Owned,Non-Foil,mainboard,false,https://cards.scryfall.io/normal/front/3/d/3db8fc1d-69fa-4a88-8f12-11fd614aac01.jpg?1562876449,,,,,false,false
Blackblade Reforged,2,Legendary Artifact — Equipment,,DOM,211,Rare,Colorless,Not Owned,Non-Foil,mainboard,false,https://cards.scryfall.io/normal/front/8/6/862d38d1-e3d0-47e1-a535-ff445b1c55c6.jpg?1562738920,,,,,false,false
Cloud's Buster Sword,2,Legendary Artifact — Equipment,,SLD,1865,Rare,Colorless,Not Owned,Non-Foil,mainboard,false,https://cards.scryfall.io/normal/front/3/2/32a46d1d-df85-4388-acd6-91818aa9af80.jpg?1759415758,,,,,false,false
Fellwar Stone,2,Artifact,,DRK,102,Uncommon,Colorless,Not Owned,Non-Foil,mainboard,false,https://cards.scryfall.io/normal/front/d/c/dc47e322-f8b8-4685-b035-fda0cc433e6b.jpg?1562947423,,,,,false,false
Hero's Blade,2,Artifact — Equipment,,FRF,160,Uncommon,Colorless,Not Owned,Non-Foil,mainboard,false,https://cards.scryfall.io/normal/front/e/6/e69b72c1-232c-420e-b900-6dfe73cfff13.jpg?1562830985,,,,,false,false
Idol of Oblivion,2,Artifact,,C19,55,Rare,Colorless,Not Owned,Non-Foil,mainboard,false,https://cards.scryfall.io/normal/front/d/a/daed8456-011e-44e2-b180-6a8a75089257.jpg?1568003773,,,,,false,false
Isochron Scepter,2,Artifact,,MRD,188,Uncommon,Colorless,Not Owned,Non-Foil,mainboard,false,https://cards.scryfall.io/normal/front/8/7/878b0159-6917-45d3-b9ea-562ac49f0b8f.jpg?1562149998,,,,,false,false
Lightning Greaves,2,Artifact — Equipment,,MRD,199,Uncommon,Colorless,Not Owned,Non-Foil,mainboard,false,https://cards.scryfall.io/normal/front/6/1/61a28870-cf78-4323-9d82-cee764067764.jpg?1764758755,,,,,false,false
Noble's Purse,2,Artifact,,CLB,331,Uncommon,Colorless,Not Owned,Non-Foil,mainboard,false,https://cards.scryfall.io/normal/front/b/e/be533558-3b16-4df0-a0ca-faa1ebf2e641.jpg?1674137987,,,,,false,false
Planar Atlas,2,Artifact,,J22,51,Uncommon,Colorless,Not Owned,Non-Foil,mainboard,false,https://cards.scryfall.io/normal/front/9/0/909b15e4-c6c8-44bf-a993-13a97de40e36.jpg?1675644934,,,,,false,false
Scroll Rack,2,Artifact,,TMP,308,Rare,Colorless,Not Owned,Non-Foil,mainboard,false,https://cards.scryfall.io/normal/front/5/f/5f7346d8-1aef-4618-88e6-74bd8865e0f3.jpg?1562054241,,,,,false,false
Swiftfoot Boots,2,Artifact — Equipment,,M12,219,Uncommon,Colorless,Not Owned,Non-Foil,mainboard,false,https://cards.scryfall.io/normal/front/8/b/8b82753b-284c-44ba-9d48-d28913f02a5f.jpg?1562650486,,,,,false,false
Thought Vessel,2,Artifact,,C15,55,Common,Colorless,Not Owned,Non-Foil,mainboard,false,https://cards.scryfall.io/normal/front/e/0/e0cd769e-1aaf-458c-849f-3b6ebc7fd8c5.jpg?1562710607,,,,,false,false
Tome of Legends,2,Artifact — Book,,ELD,332,Rare,Colorless,Not Owned,Non-Foil,mainboard,false,https://cards.scryfall.io/normal/front/0/4/040301e8-20c1-4f4c-8766-d05f11415efd.jpg?1572482851,,,,,false,false
Chromatic Lantern,3,Artifact,,RTR,226,Rare,Colorless,Not Owned,Non-Foil,mainboard,false,https://cards.scryfall.io/normal/front/5/7/57f4e0f0-13d1-43ed-8d95-13cff94a26e7.jpg?1562786673,,,,,false,false
Cultivator's Caravan,3,Artifact — Vehicle,,DRC,127,Rare,Colorless,Not Owned,Non-Foil,mainboard,false,https://cards.scryfall.io/normal/front/6/e/6e6ab4b6-49a8-4c02-a230-74a29f535f8c.jpg?1738355941,,,,,false,false
Darksteel Ingot,3,Artifact,,DST,112,Common,Colorless,Not Owned,Non-Foil,mainboard,false,https://cards.scryfall.io/normal/front/b/0/b02b9634-77e9-48ae-a6bf-859598d12c52.jpg?1562638955,,,,,false,false
Decanter of Endless Water,3,Artifact,,CLB,309,Common,Colorless,Not Owned,Non-Foil,mainboard,false,https://cards.scryfall.io/normal/front/5/1/518bbc36-58ea-44c4-a857-75a3aff058f5.jpg?1674137804,,,,,false,false
Grafted Wargear,3,Artifact — Equipment,,5DN,126,Uncommon,Colorless,Not Owned,Non-Foil,mainboard,false,https://cards.scryfall.io/normal/front/5/2/5269cfbd-1202-47fe-a12d-d95ff304b335.jpg?1562877025,,,,,false,false
Mirage Mirror,3,Artifact,,HOU,165,Rare,Colorless,Not Owned,Non-Foil,mainboard,false,https://cards.scryfall.io/normal/front/2/9/29148d7e-b398-4e19-a29e-d9a660ad5016.jpg?1562793459,,,,,false,false
Sword of Body and Mind,3,Artifact — Equipment,,V10,14,Mythic,Colorless,Not Owned,Non-Foil,mainboard,false,https://cards.scryfall.io/normal/front/5/b/5bc29686-a89c-46e6-b32c-a70733aba389.jpg?1680053106,,,,,false,false
Sword of Feast and Famine,3,Artifact — Equipment,,MBS,138,Mythic,Colorless,Not Owned,Non-Foil,mainboard,false,https://cards.scryfall.io/normal/front/5/8/580b4818-2a01-46ad-b4d9-7d895a625bb3.jpg?1562611491,,,,,false,false
Sword of Fire and Ice,3,Artifact — Equipment,,DST,148,Rare,Colorless,Not Owned,Non-Foil,mainboard,false,https://cards.scryfall.io/normal/front/8/e/8eb613ee-8b8b-4a34-886c-6592b27672b3.jpg?1562638101,,,,,false,false
Sword of Light and Shadow,3,Artifact — Equipment,,DST,149,Rare,Colorless,Not Owned,Non-Foil,mainboard,false,https://cards.scryfall.io/normal/front/6/1/61d08a91-665e-458c-9b8f-4ebd5f54a0d6.jpg?1562637206,,,,,false,false
Sword of War and Peace,3,Artifact — Equipment,,NPH,161,Mythic,Colorless,Not Owned,Non-Foil,mainboard,false,https://cards.scryfall.io/normal/front/f/a/fab5bc6c-8943-4078-866a-5d02f9be0eef.jpg?1562883003,,,,,false,false
Worn Powerstone,3,Artifact,,USG,318,Uncommon,Colorless,Not Owned,Non-Foil,mainboard,false,https://cards.scryfall.io/normal/front/2/2/2224d7ef-2e2f-47dd-a4a0-e36b3170b124.jpg?1562902192,,,,,false,false
Hedron Archive,4,Artifact,,BFZ,223,Uncommon,Colorless,Not Owned,Non-Foil,mainboard,false,https://cards.scryfall.io/normal/front/2/5/2519149c-f8a3-413f-b7b2-cd596970be4c.jpg?1562903771,,,,,false,false
Helm of the Host,4,Legendary Artifact — Equipment,,DOM,217,Rare,Colorless,Not Owned,Non-Foil,mainboard,false,https://cards.scryfall.io/normal/front/1/d/1d65d20c-09e5-4139-838b-7e0e48eb2b2b.jpg?1666094567,,,,,false,false
Nevinyrral's Disk,4,Artifact,,LEA,266,Rare,Colorless,Not Owned,Non-Foil,mainboard,false,https://cards.scryfall.io/normal/front/1/2/12926dc8-8e6f-4a47-a12b-4d674189615a.jpg?1559591487,,,,,false,false
Sisay's Ring,4,Artifact,,CMR,340,Common,Colorless,Not Owned,Non-Foil,mainboard,false,https://cards.scryfall.io/normal/front/2/0/20c0e608-0208-408a-b473-1e54caa96cea.jpg?1608911699,,,,,false,false
Thran Dynamo,4,Artifact,,UDS,139,Uncommon,Colorless,Not Owned,Non-Foil,mainboard,false,https://cards.scryfall.io/normal/front/3/f/3f0c9dee-fab5-4522-9821-343f84b0c8ab.jpg?1562443754,,,,,false,false
Batterskull,5,Artifact — Equipment,,NPH,130,Mythic,Colorless,Not Owned,Non-Foil,mainboard,false,https://cards.scryfall.io/normal/front/c/d/cd114ec3-d286-4c70-a122-3043bc53cc88.jpg?1562881615,,,,,false,false
Gilded Lotus,5,Artifact,,MRD,175,Rare,Colorless,Not Owned,Non-Foil,mainboard,false,https://cards.scryfall.io/normal/front/a/1/a1d5e4c8-dfd0-45bc-8000-ebfaccfefec3.jpg?1562153095,,,,,false,false
Mind's Eye,5,Artifact,,MRD,205,Rare,Colorless,Not Owned,Non-Foil,mainboard,false,https://cards.scryfall.io/normal/front/0/8/0899f753-c229-4cdf-a60c-4978a6506def.jpg?1562134738,,,,,false,false
Coveted Jewel,6,Artifact,,C18,54,Rare,Colorless,Not Owned,Non-Foil,mainboard,false,https://cards.scryfall.io/normal/front/f/8/f83ed433-fae3-4fa5-acad-bb8a5b535ce3.jpg?1775570919,,,,,false,false
Kaldra Compleat,7,Legendary Artifact — Equipment,,MH2,227,Mythic,Colorless,Not Owned,Non-Foil,mainboard,false,https://cards.scryfall.io/normal/front/8/7/87cc2855-6b14-44dd-a398-7dc2bbae081f.jpg?1626099096,,,,,false,false
Azorius Signet,2,Artifact,,DIS,159,Common,Multicolored,Not Owned,Non-Foil,mainboard,false,https://cards.scryfall.io/normal/front/d/9/d91a527d-51f1-4fb1-9016-fc923fd43a6a.jpg?1593273985,,,,,false,false
Momentary Blink,2,Instant,W,TSP,29,Common,Multicolored,Not Owned,Non-Foil,mainboard,false,https://cards.scryfall.io/normal/front/0/3/032e072a-0630-472b-9106-5df554dff785.jpg?1562895626,,,,,false,false
Soulherder,3,Creature — Spirit,UW,MH1,214,Uncommon,Multicolored,Not Owned,Non-Foil,mainboard,false,https://cards.scryfall.io/normal/front/e/a/ea23111b-ccc1-4d5c-a9d2-9db14c728820.jpg?1562202409,,,,,false,false
Cloudblazer,5,Creature — Human Scout,UW,KLD,176,Uncommon,Multicolored,Not Owned,Non-Foil,mainboard,false,https://cards.scryfall.io/normal/front/3/c/3cb12355-abd8-4bf3-aac1-f710ac162585.jpg?1576382761,,,,,false,false
"Teferi, Hero of Dominaria",5,Legendary Planeswalker — Teferi,UW,DOM,207,Mythic,Multicolored,Not Owned,Non-Foil,mainboard,false,https://cards.scryfall.io/normal/front/5/d/5d10b752-d9cb-419d-a5c4-d4ee1acb655e.jpg?1562736365,,,,,false,false
Baleful Strix,2,Artifact Creature — Bird,BU,PC2,82,Uncommon,Multicolored,Not Owned,Non-Foil,mainboard,false,https://cards.scryfall.io/normal/front/6/2/62090c97-7e3e-4854-bc44-c4a900133ec5.jpg?1575571987,,,,,false,false
Dimir Signet,2,Artifact,,RAV,260,Common,Multicolored,Not Owned,Non-Foil,mainboard,false,https://cards.scryfall.io/normal/front/9/a/9a9a1df5-a4e8-49a4-aebe-ca93894ccfcf.jpg?1753108669,,,,,false,false
Master of Death,3,Creature — Zombie Wizard,BU,MH2,205,Rare,Multicolored,Not Owned,Non-Foil,mainboard,false,https://cards.scryfall.io/normal/front/b/9/b9775175-6763-4826-afc8-dc520a235c36.jpg?1626098556,,,,,false,false
Counterpoint,5,Instant,BU,MKC,41,Rare,Multicolored,Not Owned,Non-Foil,mainboard,false,https://cards.scryfall.io/normal/front/b/7/b74caf65-1e6c-444e-9121-906ba7e8ea20.jpg?1706240504,,,,,false,false
Discovery // Dispersal,7,Sorcery,BU,GRN,223,Uncommon,Multicolored,Not Owned,Non-Foil,mainboard,false,https://cards.scryfall.io/normal/front/a/c/ace631d1-897a-417e-8628-0170713f03d3.jpg?1572893971,,,,,false,false
Connive // Concoct,9,Sorcery,BU,GRN,222,Rare,Multicolored,Not Owned,Non-Foil,mainboard,false,https://cards.scryfall.io/normal/front/8/9/890ac54c-6fd7-4e46-8ce4-8926c6975f60.jpg?1572893965,,,,,false,false
Molten Collapse,2,Sorcery,BR,LCI,234,Rare,Multicolored,Not Owned,Non-Foil,mainboard,false,https://cards.scryfall.io/normal/front/2/4/2487d124-210b-4808-888c-cd0a78aebd90.jpg?1699044556,,,,,false,false
Rakdos Signet,2,Artifact,,DIS,165,Common,Multicolored,Not Owned,Non-Foil,mainboard,false,https://cards.scryfall.io/normal/front/1/7/17a3f95c-5a05-46ea-8dc6-b77b59324035.jpg?1593274030,,,,,false,false
Terminate,2,Instant,BR,PLS,128,Common,Multicolored,Not Owned,Non-Foil,mainboard,false,https://cards.scryfall.io/normal/front/1/9/190ca502-672d-4cc0-b6e0-b9de517058d0.jpg?1562900286,,,,,false,false
Kolaghan's Command,3,Instant,BR,DTK,224,Rare,Multicolored,Not Owned,Non-Foil,mainboard,false,https://cards.scryfall.io/normal/front/7/c/7c884e1e-fecb-4330-b3de-5fc2a60f7173.jpg?1562788780,,,,,false,false
Mayhem Devil,3,Creature — Devil,BR,DSC,225,Uncommon,Multicolored,Not Owned,Non-Foil,mainboard,false,https://cards.scryfall.io/normal/front/0/8/087ff277-902f-4285-93b6-dc18e6d4fe15.jpg?1726285225,,,,,false,false
Bituminous Blast,5,Instant,BR,ARB,34,Uncommon,Multicolored,Not Owned,Non-Foil,mainboard,false,https://cards.scryfall.io/normal/front/f/d/fd6a3c48-b01e-4462-a4a1-8d5009a6a844.jpg?1562645297,,,,,false,false
Gruul Signet,2,Artifact,,GPT,150,Common,Multicolored,Not Owned,Non-Foil,mainboard,false,https://cards.scryfall.io/normal/front/1/b/1bb30340-96a4-49d8-838b-8788900401a0.jpg?1593272924,,,,,false,false
Wandertale Mentor,2,Creature — Raccoon Bard,GR,BLB,240,Uncommon,Multicolored,Not Owned,Non-Foil,mainboard,false,https://cards.scryfall.io/normal/front/8/c/8c399a55-d02e-41ed-b827-8784b738c118.jpg?1721427242,,,,,false,false
"Domri, Anarch of Bolas",3,Legendary Planeswalker — Domri,GR,WAR,191,Rare,Multicolored,Not Owned,Non-Foil,mainboard,false,https://cards.scryfall.io/normal/front/c/1/c1af9881-e35b-4be2-8716-ea7c6664e22c.jpg?1557577104,,,,,false,false
Bloodbraid Elf,4,Creature — Elf Berserker,GR,ARB,50,Uncommon,Multicolored,Not Owned,Non-Foil,mainboard,false,https://cards.scryfall.io/normal/front/7/e/7ef67487-c8e5-49bb-b0f7-e073ff2e31f1.jpg?1562642427,,,,,false,false
Decimate,4,Sorcery,GR,BLC,251,Rare,Multicolored,Not Owned,Non-Foil,mainboard,false,https://cards.scryfall.io/normal/front/e/d/ed38da33-c230-4eec-b7c7-3b0c5cdf727a.jpg?1721429459,,,,,false,false
Bloodbraid Challenger,5,Creature — Elf Berserker,GR,M3C,122,Rare,Multicolored,Not Owned,Non-Foil,mainboard,false,https://cards.scryfall.io/normal/front/f/b/fbca967e-578f-4b05-b697-2e2ee1a40dfb.jpg?1721158995,,,,,false,false
Selesnya Signet,2,Artifact,,RAV,270,Common,Multicolored,Not Owned,Non-Foil,mainboard,false,https://cards.scryfall.io/normal/front/8/2/8296d86a-2c79-43c8-8a1c-1d4bb600bc6b.jpg?1598918183,,,,,false,false
Voice of Resurgence,2,Creature — Elemental,GW,2XM,227,Rare,Multicolored,Not Owned,Non-Foil,mainboard,false,https://cards.scryfall.io/normal/front/9/9/99d1e843-71c9-4a65-bc36-d23858ef5ead.jpg?1599708569,,,,,false,false
March of the Multitudes,3,Instant,GW,SCD,236,Mythic,Multicolored,Not Owned,Non-Foil,mainboard,false,https://cards.scryfall.io/normal/front/8/c/8ccfeffc-dc19-404a-81ef-1cd13a1ad50d.jpg?1674675917,,,,,false,false
Mirari's Wake,5,Enchantment,GW,JUD,139,Rare,Multicolored,Not Owned,Non-Foil,mainboard,false,https://cards.scryfall.io/normal/front/b/5/b5ddad46-5e2e-43c9-8c91-7aca6ca23562.jpg?1562631601,,,,,false,false
Cruel Celebrant,2,Creature — Vampire,BW,WAR,188,Uncommon,Multicolored,Not Owned,Non-Foil,mainboard,false,https://cards.scryfall.io/normal/front/8/7/87ead6ac-b1c5-4852-8413-7fa43c6cfc57.jpg?1557577084,,,,,false,false
Damn,2,Sorcery,B,MH2,396,Rare,Multicolored,Not Owned,Non-Foil,mainboard,false,https://cards.scryfall.io/normal/front/2/3/23b95b26-0bbf-4fa1-80c1-f621f1a1b947.jpg?1626102821,,,,,false,false
Orzhov Signet,2,Artifact,,GPT,155,Common,Multicolored,Not Owned,Non-Foil,mainboard,false,https://cards.scryfall.io/normal/front/f/9/f9298a1d-5b41-46d8-929c-b6980d1e6eb7.jpg?1753108346,,,,,false,false
Anguished Unmaking,3,Instant,BW,TDC,279,Rare,Multicolored,Not Owned,Non-Foil,mainboard,false,https://cards.scryfall.io/normal/front/c/7/c7ce164c-3437-440c-b462-acca491bfd91.jpg?1743207065,,,,,false,false
"Sorin, Lord of Innistrad",4,Legendary Planeswalker — Sorin,BW,DKA,142,Mythic,Multicolored,Not Owned,Non-Foil,mainboard,false,https://cards.scryfall.io/normal/front/2/7/27bb371f-d49f-41bd-bbe0-d5e1e2067e36.jpg?1562904438,,,,,false,false
Utter End,4,Instant,BW,KTK,210,Rare,Multicolored,Not Owned,Non-Foil,mainboard,false,https://cards.scryfall.io/normal/front/3/9/39643107-8873-42f6-9b4d-b546a0a976ba.jpg?1562784988,,,,,false,false
Expressive Iteration,2,Sorcery,RU,TDC,288,Uncommon,Multicolored,Not Owned,Non-Foil,mainboard,false,https://cards.scryfall.io/normal/front/4/5/45e92d69-0684-4a57-8c1c-bbf742bd8a23.jpg?1743207125,,,,,false,false
Galvanic Iteration,2,Instant,RU,MID,224,Rare,Multicolored,Not Owned,Non-Foil,mainboard,false,https://cards.scryfall.io/normal/front/a/5/a5f8ee5b-e1f5-4bc8-8ca3-d8308d71f2b9.jpg?1636684270,,,,,false,false
Goblin Electromancer,2,Creature — Goblin Wizard,RU,DDJ,3,Common,Multicolored,Not Owned,Non-Foil,mainboard,false,https://cards.scryfall.io/normal/front/6/3/632af23c-eb5c-4725-afca-637e84cecf94.jpg?1592713285,,,,,false,false
Izzet Signet,2,Artifact,,GPT,152,Common,Multicolored,Not Owned,Non-Foil,mainboard,false,https://cards.scryfall.io/normal/front/f/8/f823be95-bef4-4e86-a924-239be62394bf.jpg?1593272937,,,,,false,false
Third Path Iconoclast,2,Creature — Human Monk,RU,BRO,223,Uncommon,Multicolored,Not Owned,Non-Foil,mainboard,false,https://cards.scryfall.io/normal/front/f/1/f1a21287-e244-4960-84fb-c4f6e5c346d9.jpg?1674421869,,,,,false,false
Thousand-Year Storm,6,Enchantment,RU,GRN,207,Mythic,Multicolored,Not Owned,Non-Foil,mainboard,false,https://cards.scryfall.io/normal/front/2/7/270a0863-7d07-43f0-925d-a8ce0383a1cb.jpg?1572893865,,,,,false,false
Golgari Signet,2,Artifact,,RAV,262,Common,Multicolored,Not Owned,Non-Foil,mainboard,false,https://cards.scryfall.io/normal/front/b/e/be03b002-1a3e-4b21-bc23-7f5a9cedb74f.jpg?1598918004,,,,,false,false
"Grist, the Hunger Tide",3,Legendary Planeswalker — Grist,BG,MH2,202,Mythic,Multicolored,Not Owned,Non-Foil,mainboard,false,https://cards.scryfall.io/normal/front/6/9/69af2825-18c2-4463-b6ba-42eaa070ccc1.jpg?1626098484,,,,,false,false
Putrefy,3,Instant,BG,TDC,300,Uncommon,Multicolored,Not Owned,Non-Foil,mainboard,false,https://cards.scryfall.io/normal/front/3/7/3759f873-e5a1-46ab-8a60-e907d3c633de.jpg?1743207196,,,,,false,false
Culling Ritual,4,Sorcery,BG,STX,172,Rare,Multicolored,Not Owned,Non-Foil,mainboard,false,https://cards.scryfall.io/normal/front/8/f/8f6f91d3-cc07-4a42-99a0-5fb83b29cc25.jpg?1627428386,,,,,false,false
Deadbridge Chant,6,Enchantment,BG,DGM,63,Mythic,Multicolored,Not Owned,Non-Foil,mainboard,false,https://cards.scryfall.io/normal/front/2/6/26417a58-b0c9-49fa-956c-794ee1c09a4f.jpg?1562902136,,,,,false,false
Find // Finality,8,Sorcery,BG,GRN,225,Rare,Multicolored,Not Owned,Non-Foil,mainboard,false,https://cards.scryfall.io/normal/front/1/e/1e4e9e35-6cbc-4997-beff-d1a22d87545e.jpg?1572893984,,,,,false,false
Boros Signet,2,Artifact,,RAV,255,Common,Multicolored,Not Owned,Non-Foil,mainboard,false,https://cards.scryfall.io/normal/front/1/b/1bae1f86-4639-4424-b47b-fdc826bf6e97.jpg?1753108666,,,,,false,false
Blade Historian,4,Creature — Human Cleric,RW,STX,165,Rare,Multicolored,Not Owned,Non-Foil,mainboard,false,https://cards.scryfall.io/normal/front/a/4/a46d64ec-aca4-428e-bce6-66cd755c8cc3.jpg?1627428161,,,,,false,false
"Nahiri, the Harbinger",4,Legendary Planeswalker — Nahiri,RW,SOI,247,Mythic,Multicolored,Not Owned,Non-Foil,mainboard,false,https://cards.scryfall.io/normal/front/8/4/84d70487-21d1-4897-ac20-2a996e893b5b.jpg?1576385364,,,,,false,false
Response // Resurgence,7,Instant,RW,GRN,229,Rare,Multicolored,Not Owned,Non-Foil,mainboard,false,https://cards.scryfall.io/normal/front/9/2/92162888-35ea-4f4f-ab99-64dd3104e230.jpg?1572894016,,,,,false,false
Aggressive Biomancy,2,Sorcery,GU,M3C,121,Rare,Multicolored,Not Owned,Non-Foil,mainboard,false,https://cards.scryfall.io/normal/front/f/f/fffc85fb-1a40-4f83-a36e-cec0b7be658a.jpg?1721158991,,,,,false,false
Growth Spiral,2,Instant,GU,RNA,178,Common,Multicolored,Not Owned,Non-Foil,mainboard,false,https://cards.scryfall.io/normal/front/7/c/7c77a6b1-ef06-4da5-8e86-a5204216cb77.jpg?1584831556,,,,,false,false
Hydroid Krasis,2,Creature — Jellyfish Hydra Beast,GU,CLU,195,Mythic,Multicolored,Not Owned,Non-Foil,mainboard,false,https://cards.scryfall.io/normal/front/a/7/a7ac127e-102e-4e1a-9e69-a09d676ac88e.jpg?1706240133,,,,,false,false
"Nissa, Steward of Elements",2,Legendary Planeswalker — Nissa,GU,AKH,204,Mythic,Multicolored,Not Owned,Non-Foil,mainboard,false,https://cards.scryfall.io/normal/front/c/7/c79036a1-2239-4d4f-8b58-6cf9ac4863fc.jpg?1543676090,,,,,false,false
Simic Signet,2,Artifact,,DIS,166,Common,Multicolored,Not Owned,Non-Foil,mainboard,false,https://cards.scryfall.io/normal/front/9/0/90107d10-e2aa-4cb7-a000-039f0c581b47.jpg?1593274038,,,,,false,false
Eureka Moment,4,Instant,GU,DSC,216,Common,Multicolored,Not Owned,Non-Foil,mainboard,false,https://cards.scryfall.io/normal/front/9/0/904b7c23-4077-4529-acc1-3882f475c547.jpg?1771242170,,,,,false,false
"Rograkh, Son of Rohgahh",0,Legendary Creature — Kobold Warrior,R,CMR,197,Uncommon,Red,Not Owned,Non-Foil,mainboard,false,https://cards.scryfall.io/normal/front/a/4/a4fab67f-00c2-4125-9262-d21a29411797.jpg?1769437009,,,,,false,false
"Esior, Wardwing Familiar",2,Legendary Creature — Bird,U,CMR,67,Uncommon,Blue,Not Owned,Non-Foil,mainboard,false,https://cards.scryfall.io/normal/front/8/6/86958821-76eb-43a5-974b-7c945e826a66.jpg?1759216580,,,,,false,false
"Kediss, Emberclaw Familiar",2,Legendary Creature — Elemental Lizard,R,CMR,188,Uncommon,Red,Not Owned,Non-Foil,mainboard,false,https://cards.scryfall.io/normal/front/f/6/f606ebf1-483d-4331-b16a-9fb6f591a39f.jpg?1608910296,,,,,false,false
"Keleth, Sunmane Familiar",2,Legendary Creature — Horse,W,CMR,28,Uncommon,White,Not Owned,Non-Foil,mainboard,false,https://cards.scryfall.io/normal/front/d/e/de0ba512-b6c3-4931-be05-cb6bd03a4b7c.jpg?1644853028,,,,,false,false
"Krark, the Thumbless",2,Legendary Creature — Goblin Wizard,R,PLST,CMR-189,Rare,Red,Not Owned,Non-Foil,mainboard,false,https://cards.scryfall.io/normal/front/2/4/24614006-d99f-44b6-8ec1-29b48a1713d0.jpg?1661583571,,,,,false,false
"Livio, Oathsworn Sentinel",2,Legendary Creature — Human Knight,W,CMR,31,Rare,White,Not Owned,Non-Foil,mainboard,false,https://cards.scryfall.io/normal/front/0/2/02bce846-8049-4d5c-b0ad-8abd484e5a27.jpg?1644853034,,,,,false,false
"Falthis, Shadowcat Familiar",3,Legendary Creature — Nightmare Cat,B,CMR,126,Uncommon,Black,Not Owned,Non-Foil,mainboard,false,https://cards.scryfall.io/normal/front/8/4/84537fea-ad81-4a9a-99d4-722a938adc7d.jpg?1608909735,,,,,false,false
Prava of the Steel Legion,3,Legendary Creature — Cat Soldier,W,PLST,ONC-87,Uncommon,White,Not Owned,Non-Foil,mainboard,false,https://cards.scryfall.io/normal/front/d/8/d801439c-b63f-48be-b3d4-08daf2ca400e.jpg?1723441081,,,,,false,false
"Toggo, Goblin Weaponsmith",3,Legendary Creature — Goblin Artificer,R,CMR,204,Uncommon,Red,Not Owned,Non-Foil,mainboard,false,https://cards.scryfall.io/normal/front/1/a/1a05b3e2-259e-4fce-92ee-c00660e22ae7.jpg?1665822993,,,,,false,false
"Anara, Wolvid Familiar",4,Legendary Creature — Wolf Beast,G,CMR,214,Uncommon,Green,Not Owned,Non-Foil,mainboard,false,https://cards.scryfall.io/normal/front/9/a/9a67cfaa-990c-4dcb-97a9-9c5d7316cabe.jpg?1608910526,,,,,false,false
"Halana, Kessig Ranger",4,Legendary Creature — Human Archer Ranger,G,CMR,231,Uncommon,Green,Not Owned,Non-Foil,mainboard,false,https://cards.scryfall.io/normal/front/6/b/6bee6eb2-2708-4596-86ad-40eea88dbb6b.jpg?1722161528,,,,,false,false
Sakashima of a Thousand Faces,4,Legendary Creature — Human Rogue,U,CMR,89,Mythic,Blue,Not Owned,Non-Foil,mainboard,false,https://cards.scryfall.io/normal/front/7/1/714c3a1f-7b30-4ed8-8f38-6176758741fb.jpg?1608909400,,,,,false,false
"Alena, Kessig Trapper",5,Legendary Creature — Human Scout,R,PLST,CMR-160,Uncommon,Red,Not Owned,Non-Foil,mainboard,false,https://cards.scryfall.io/normal/front/3/1/312a2a8d-2d84-4c4b-b2c4-cbc4e8300312.jpg?1723434694,,,,,false,false
"Alharu, Solemn Ritualist",5,Legendary Creature — Human Monk,W,CMR,4,Uncommon,White,Not Owned,Non-Foil,mainboard,false,https://cards.scryfall.io/normal/front/2/0/2047bfa4-3f4d-47bd-9484-545686f15b75.jpg?1608908659,,,,,false,false
Kodama of the East Tree,6,Legendary Creature — Spirit,G,CMR,239,Rare,Green,Not Owned,Non-Foil,mainboard,false,https://cards.scryfall.io/normal/front/a/f/af5105ee-09e2-4344-ab39-00f0e9034c47.jpg?1608910768,,,,,false,false
"Sengir, the Dark Baron",6,Legendary Creature — Vampire Noble,B,CMR,149,Rare,Black,Not Owned,Non-Foil,mainboard,false,https://cards.scryfall.io/normal/front/4/d/4d51a22e-74fc-442e-945a-56d02ca12713.jpg?1608909947,,,,,false,false
"Brago, King Eternal",4,Legendary Creature — Spirit Noble,UW,CNS,41,Rare,Multicolored,Not Owned,Non-Foil,mainboard,false,https://cards.scryfall.io/normal/front/1/6/1691145e-e9c2-45e7-be35-83245a6e5eaf.jpg?1562864473,,,,,false,false
"Genku, Future Shaper",4,Legendary Creature — Moonfolk Wizard,UW,MH3,186,Rare,Multicolored,Not Owned,Non-Foil,mainboard,false,https://cards.scryfall.io/normal/front/0/c/0cbcc962-65c4-496d-8034-75c8d204dba3.jpg?1717012707,,,,,false,false
"Ishai, Ojutai Dragonspeaker",4,Legendary Creature — Bird Monk,UW,CM2,12,Mythic,Multicolored,Not Owned,Non-Foil,mainboard,false,https://cards.scryfall.io/normal/front/2/e/2e89ce6a-6bc9-427f-a8b2-c07a9fc3218f.jpg?1562272963,,,,,false,false
"Oji, the Exquisite Blade",4,Legendary Creature — Human Monk,UW,CLB,290,Uncommon,Multicolored,Not Owned,Non-Foil,mainboard,false,https://cards.scryfall.io/normal/front/1/3/13129e63-558d-415d-87eb-616868205341.jpg?1674137646,,,,,false,false
"Shorikai, Genesis Engine",4,Legendary Artifact — Vehicle,UW,NEC,4,Mythic,Multicolored,Not Owned,Non-Foil,mainboard,false,https://cards.scryfall.io/normal/front/9/6/969ac7dd-f3aa-4888-9ff0-d16a31b5e7a9.jpg?1763728107,,,,,false,false
"Yorion, Sky Nomad",5,Legendary Creature — Bird Serpent,UW,MB2,94,Rare,Multicolored,Not Owned,Non-Foil,mainboard,false,https://cards.scryfall.io/normal/front/a/2/a245bb3b-9126-4361-824b-2b27fbba9696.jpg?1723227657,,,,,false,false
"Lazav, the Multifarious",2,Legendary Creature — Shapeshifter,BU,GRN,184,Mythic,Multicolored,Not Owned,Non-Foil,mainboard,false,https://cards.scryfall.io/normal/front/2/4/24c1e710-f61c-4dd6-b620-6d2e1ecab689.jpg?1572893714,,,,,false,false
"Lazav, Wearer of Faces",2,Legendary Creature — Shapeshifter Detective,BU,MKM,216,Rare,Multicolored,Not Owned,Non-Foil,mainboard,false,https://cards.scryfall.io/normal/front/c/c/cc264d1d-689d-41ac-b624-3fc7bb890e58.jpg?1706242204,,,,,false,false
"Vohar, Vodalian Desecrator",2,Legendary Creature — Phyrexian Merfolk Wizard,BU,DMU,226,Uncommon,Multicolored,Not Owned,Non-Foil,mainboard,false,https://cards.scryfall.io/normal/front/8/0/807c7812-c108-45a7-a5b2-08cc693bc500.jpg?1673308144,,,,,false,false
"Silas Renn, Seeker Adept",3,Legendary Artifact Creature — Human,BU,BRC,129,Mythic,Multicolored,Not Owned,Non-Foil,mainboard,false,https://cards.scryfall.io/normal/front/7/9/79b50fc8-9658-4837-ade8-2f34d12d3cc7.jpg?1673300622,,,,,false,false
"Yuriko, the Tiger's Shadow",3,Legendary Creature — Human Ninja,BU,C18,52,Rare,Multicolored,Not Owned,Non-Foil,mainboard,false,https://cards.scryfall.io/normal/front/3/b/3bd81ae6-e628-447a-a36b-597e63ede295.jpg?1592710334,,,,,false,false
"Taigam, Sidisi's Hand",5,Legendary Creature — Human Wizard,BU,C17,47,Rare,Multicolored,Not Owned,Non-Foil,mainboard,false,https://cards.scryfall.io/normal/front/5/b/5bb846f1-9857-418d-abc9-03dfd3c10d32.jpg?1562609444,,,,,false,false
"Juri, Master of the Revue",2,Legendary Creature — Human Shaman,BR,CMR,282,Uncommon,Multicolored,Not Owned,Non-Foil,mainboard,false,https://cards.scryfall.io/normal/front/a/e/aec6b2b7-625a-451d-bc0b-4456f5bf2719.jpg?1608911166,,,,,false,false
"Kroxa, Titan of Death's Hunger",2,Legendary Creature — Elder Giant,BR,THB,221,Mythic,Multicolored,Not Owned,Non-Foil,mainboard,false,https://cards.scryfall.io/normal/front/c/e/cee0459b-9aac-4d2f-abe4-4d5fedde7eb8.jpg?1581481096,,,,,false,false
"Mahadi, Emporium Master",3,Legendary Creature — Devil,BR,CLB,282,Uncommon,Multicolored,Not Owned,Non-Foil,mainboard,false,https://cards.scryfall.io/normal/front/c/3/c3da2b1a-76c5-4d36-bdf8-025b86f61eb5.jpg?1699601213,,,,,false,false
Vial Smasher the Fierce,3,Legendary Creature — Goblin Berserker,BR,DSC,239,Mythic,Multicolored,Not Owned,Non-Foil,mainboard,false,https://cards.scryfall.io/normal/front/c/c/cc7be939-2202-40fe-8899-a05682d76190.jpg?1726285276,,,,,false,false
"Kardur, Doomscourge",4,Legendary Creature — Demon Berserker,BR,KHM,216,Uncommon,Multicolored,Not Owned,Non-Foil,mainboard,false,https://cards.scryfall.io/normal/front/9/6/9685e2a0-5573-41bc-a914-f40c3011459b.jpg?1631051543,,,,,false,false
"Sauron, the Lidless Eye",5,Legendary Creature — Avatar Horror,BR,LTR,288,Mythic,Multicolored,Not Owned,Non-Foil,mainboard,false,https://cards.scryfall.io/normal/front/d/8/d82a4c78-d2fc-425a-8d0e-2e64509a08f1.jpg?1715720382,,,,,false,false
Tor Wauki the Younger,5,Legendary Creature — Human Archer,BR,DMC,46,Uncommon,Multicolored,Not Owned,Non-Foil,mainboard,false,https://cards.scryfall.io/normal/front/a/d/adea296b-b320-4588-9d6e-cbb5db7c39e3.jpg?1674174198,,,,,false,false
"Grumgully, the Generous",3,Legendary Creature — Goblin Shaman,GR,ELD,192,Uncommon,Multicolored,Not Owned,Non-Foil,mainboard,false,https://cards.scryfall.io/normal/front/b/9/b9d50d26-3c44-4c8f-81bb-9093dacfb804.jpg?1572490764,,,,,false,false
"Radha, Heart of Keld",3,Legendary Creature — Elf Warrior,GR,M21,224,Rare,Multicolored,Not Owned,Non-Foil,mainboard,false,https://cards.scryfall.io/normal/front/2/b/2bbd37b1-49cb-4295-9a1f-fb85368a8f12.jpg?1594737431,,,,,false,false
"Tana, the Bloodsower",4,Legendary Creature — Elf Druid,GR,C16,45,Mythic,Multicolored,Not Owned,Non-Foil,mainboard,false,https://cards.scryfall.io/normal/front/a/3/a3d8d64f-a403-42a7-881b-4f70e9fe15a2.jpg?1562413758,,,,,false,false
"Roxanne, Starfall Savant",5,Legendary Creature — Cat Druid,GR,OTJ,228,Rare,Multicolored,Not Owned,Non-Foil,mainboard,false,https://cards.scryfall.io/normal/front/1/1/11fbe52f-febd-49fc-8391-28d3efe9c3eb.jpg?1712356193,,,,,false,false
"Sythis, Harvest's Hand",2,Legendary Enchantment Creature — Nymph,GW,PLST,MH2-214,Rare,Multicolored,Not Owned,Non-Foil,mainboard,false,https://cards.scryfall.io/normal/front/d/5/d519b000-8789-44a6-a1d5-564e2617477d.jpg?1693275721,,,,,false,false
King Darien XLVIII,3,Legendary Creature — Human Soldier,GW,DMU,204,Rare,Multicolored,Not Owned,Non-Foil,mainboard,false,https://cards.scryfall.io/normal/front/1/0/10eca3b1-f35a-4984-bfc0-818e619b1ece.jpg?1673307982,,,,,false,false
Sidar Kondo of Jamuraa,4,Legendary Creature — Human Knight,GW,C16,42,Mythic,Multicolored,Not Owned,Non-Foil,mainboard,false,https://cards.scryfall.io/normal/front/1/9/19d2671c-39bd-4dd7-ac97-9cdf5c2cb149.jpg?1562390224,,,,,false,false
"Aragorn and Arwen, Wed",6,Legendary Creature — Human Elf Noble,GW,LTR,287,Mythic,Multicolored,Not Owned,Non-Foil,mainboard,false,https://cards.scryfall.io/normal/front/d/7/d7d4c97a-9319-4534-9a49-da000f41a02d.jpg?1715720374,,,,,false,false
"Hamza, Guardian of Arashin",6,Legendary Creature — Elephant Warrior,GW,CMM,339,Uncommon,Multicolored,Not Owned,Non-Foil,mainboard,false,https://cards.scryfall.io/normal/front/a/d/adc7f8f3-140d-4dd0-aacc-b81b2b93eb67.jpg?1689999064,,,,,false,false
"Torsten, Founder of Benalia",7,Legendary Creature — Human Soldier,GW,DMC,47,Mythic,Multicolored,Not Owned,Non-Foil,mainboard,false,https://cards.scryfall.io/normal/front/0/7/0783b426-a527-42c1-9271-be28b229e1c6.jpg?1764758675,,,,,false,false
Tymna the Weaver,3,Legendary Creature — Human Cleric,BW,C16,48,Rare,Multicolored,Not Owned,Non-Foil,mainboard,false,https://cards.scryfall.io/normal/front/b/c/bc7cbe9b-324e-42b8-94e2-36e91cb32163.jpg?1644853048,,,,,false,false
"Elenda, the Dusk Rose",4,Legendary Creature — Vampire Knight,BW,RIX,157,Mythic,Multicolored,Not Owned,Non-Foil,mainboard,false,https://cards.scryfall.io/normal/front/a/5/a52af49b-cfeb-47a8-9ce5-5d35bfa9eb75.jpg?1555040816,,,,,false,false
Teysa Karlov,4,Legendary Creature — Human Advisor,BW,RNA,212,Rare,Multicolored,Not Owned,Non-Foil,mainboard,false,https://cards.scryfall.io/normal/front/b/c/bcfaa19e-995e-447d-a0a2-46e5d117d5ec.jpg?1584831914,,,,,false,false
"Carmen, Cruel Skymarcher",5,Legendary Creature — Vampire Soldier,BW,LCC,5,Mythic,Multicolored,Not Owned,Non-Foil,mainboard,false,https://cards.scryfall.io/normal/front/c/0/c0e07f8a-5290-47c4-a93d-0c3a14afebd3.jpg?1698987733,,,,,false,false
"Liesa, Shroud of Dusk",5,Legendary Creature — Angel,BW,CMR,286,Rare,Multicolored,Not Owned,Non-Foil,mainboard,false,https://cards.scryfall.io/normal/front/e/3/e32453a1-1fd9-4bda-aaa8-7c287e4c2587.jpg?1608911200,,,,,false,false
"Stella Lee, Wild Card",3,Legendary Creature — Human Rogue,RU,OTC,3,Mythic,Multicolored,Not Owned,Non-Foil,mainboard,false,https://cards.scryfall.io/normal/front/2/a/2a8a7696-b5d9-4378-9d5c-2c9007e4df63.jpg?1714110409,,,,,false,false
"Veyran, Voice of Duality",3,Legendary Creature — Efreet Wizard,RU,TDC,310,Mythic,Multicolored,Not Owned,Non-Foil,mainboard,false,https://cards.scryfall.io/normal/front/9/0/90197eca-271c-4047-90e0-00b2579a94f2.jpg?1743207260,,,,,false,false
"Kraum, Ludevic's Opus",5,Legendary Creature — Zombie Horror,RU,C16,34,Rare,Multicolored,Not Owned,Non-Foil,mainboard,false,https://cards.scryfall.io/normal/front/5/5/557fcd17-6cb3-414a-b2b1-ea9ae32e5aec.jpg?1644853032,,,,,false,false
"Niv-Mizzet, Parun",6,Legendary Creature — Dragon Wizard,RU,GRN,192,Rare,Multicolored,Not Owned,Non-Foil,mainboard,false,https://cards.scryfall.io/normal/front/6/f/6f3d2dc5-7b9d-4af6-9f3b-4de90fbf63c9.jpg?1572893767,,,,,false,false
"Ovika, Enigma Goliath",7,Legendary Creature — Phyrexian Nightmare,RU,ONE,213,Rare,Multicolored,Not Owned,Non-Foil,mainboard,false,https://cards.scryfall.io/normal/front/b/2/b298cf34-7aa5-4f97-a86c-7f28d2113b87.jpg?1675957207,,,,,false,false
"Eris, Roar of the Storm",10,Legendary Creature — Elemental Warlock,RU,OTC,5,Mythic,Multicolored,Not Owned,Non-Foil,mainboard,false,https://cards.scryfall.io/normal/front/1/a/1adce281-4d5a-44d2-8cfa-25f860b015ff.jpg?1718603903,,,,,false,false
"Chatterfang, Squirrel General",3,Legendary Creature — Squirrel Warrior,G,BLC,209,Mythic,Multicolored,Not Owned,Non-Foil,mainboard,false,https://cards.scryfall.io/normal/front/7/2/72ab0422-eba0-4e1e-9626-ef31b836dcd2.jpg?1721429223,,,,,false,false
"Reyhan, Last of the Abzan",3,Legendary Creature — Human Warrior,BG,CM2,13,Rare,Multicolored,Not Owned,Non-Foil,mainboard,false,https://cards.scryfall.io/normal/front/8/a/8afad106-a49b-4910-959e-228c109ea983.jpg?1644853038,,,,,false,false
Hazel of the Rootbloom,4,Legendary Creature — Squirrel Druid,BG,BLC,102,Mythic,Multicolored,Not Owned,Non-Foil,mainboard,false,https://cards.scryfall.io/normal/front/e/6/e68bb0bf-2907-4413-bfe3-c5f1b40c2b93.jpg?1734533819,,,,,false,false
"Jarad, Golgari Lich Lord",4,Legendary Creature — Zombie Elf,BG,DDJ,45,Mythic,Multicolored,Not Owned,Non-Foil,mainboard,false,https://cards.scryfall.io/normal/front/f/6/f6a2f10c-721c-40c7-8fe1-b4877a40fe96.jpg?1592713599,,,,,false,false
Meren of Clan Nel Toth,4,Legendary Creature — Human Shaman,BG,OC15,49,Mythic,Multicolored,Not Owned,Non-Foil,mainboard,false,https://cards.scryfall.io/normal/front/b/8/b8400831-1b23-451c-bc95-8f8b511b9885.jpg?1561757908,,,,,false,false
Beledros Witherbloom,7,Legendary Creature — Elder Dragon,BG,STX,163,Mythic,Multicolored,Not Owned,Non-Foil,mainboard,false,https://cards.scryfall.io/normal/front/9/3/93f786a2-a7b7-4f9e-92e8-9a6a11efe290.jpg?1627428096,,,,,false,false
"Bruse Tarl, Boorish Herder",4,Legendary Creature — Human Ally,RW,C16,30,Mythic,Multicolored,Not Owned,Non-Foil,mainboard,false,https://cards.scryfall.io/normal/front/1/2/125b552b-45ea-4e0b-94a9-8131c97a04c0.jpg?1644853018,,,,,false,false
"Bruse Tarl, Roving Rancher",4,Legendary Creature — Human Warrior,RW,OTJ,198,Rare,Multicolored,Not Owned,Non-Foil,mainboard,false,https://cards.scryfall.io/normal/front/2/8/286c55c2-dcc1-4e87-a83f-9981d28ab62d.jpg?1712356070,,,,,false,false
"Aurelia, the Warleader",6,Legendary Creature — Angel,RW,2X2,179,Mythic,Multicolored,Not Owned,Non-Foil,mainboard,false,https://cards.scryfall.io/normal/front/7/7/7722682f-952c-4829-b4ef-e52300b7950e.jpg?1673148346,,,,,false,false
"Gisela, Blade of Goldnight",7,Legendary Creature — Angel,RW,PHEL,209,Mythic,Multicolored,Not Owned,Non-Foil,mainboard,false,https://cards.scryfall.io/normal/front/9/5/95a576a5-e873-4f27-93df-d363fc5945d0.jpg?1687648704,,,,,false,false
Velomachus Lorehold,7,Legendary Creature — Elder Dragon,RW,STX,245,Mythic,Multicolored,Not Owned,Non-Foil,mainboard,false,https://cards.scryfall.io/normal/front/0/4/04ea9067-ad50-4c43-ae4d-3f66890cd898.jpg?1624740360,,,,,false,false
The Goose Mother,2,Legendary Creature — Bird Hydra,GU,WOE,204,Rare,Multicolored,Not Owned,Non-Foil,mainboard,false,https://cards.scryfall.io/normal/front/1/a/1a55c370-d396-4c73-8ee2-83dc4c124005.jpg?1692939311,,,,,false,false
"Thrasios, Triton Hero",2,Legendary Creature — Merfolk Wizard,GU,C16,46,Rare,Multicolored,Not Owned,Non-Foil,mainboard,false,https://cards.scryfall.io/normal/front/2/1/21e27b91-c7f1-4709-aa0d-8b5d81b22a0a.jpg?1721690845,,,,,false,false
"Edric, Spymaster of Trest",3,Legendary Creature — Elf Rogue,GU,CMD,196,Rare,Multicolored,Not Owned,Non-Foil,mainboard,false,https://cards.scryfall.io/normal/front/6/0/60fc9e0e-7ba5-4c27-b051-c314858cab5d.jpg?1592714032,,,,,false,false
"Uro, Titan of Nature's Wrath",3,Legendary Creature — Elder Giant,GU,THB,229,Mythic,Multicolored,Not Owned,Non-Foil,mainboard,false,https://cards.scryfall.io/normal/front/a/0/a0b6a71e-56cb-4d25-8f2b-7a4f1b60900d.jpg?1650599829,,,,,false,false
"Tatyova, Benthic Druid",5,Legendary Creature — Merfolk Druid,GU,DOM,206,Uncommon,Multicolored,Not Owned,Non-Foil,mainboard,false,https://cards.scryfall.io/normal/front/9/3/93657aaa-7a0f-49ad-b026-6f79b3bd6768.jpg?1665822988,,,,,false,false
Ms. Bumbleflower,4,Legendary Creature — Rabbit Citizen,GUW,BLC,103,Mythic,Multicolored,Not Owned,Non-Foil,mainboard,false,https://cards.scryfall.io/normal/front/5/c/5c75bab8-02d0-477c-bfb1-dace7cb33a1f.jpg?1734533831,,,,,false,false
Mr. Foxglove,5,Legendary Creature — Fox Rogue,GUW,BLC,6,Mythic,Multicolored,Not Owned,Non-Foil,mainboard,false,https://cards.scryfall.io/normal/front/c/b/cba58beb-9524-46d4-ac63-119f19d9d44f.jpg?1721428156,,,,,false,false
Roon of the Hidden Realm,5,Legendary Creature — Rhino Soldier,GUW,OC13,206,Mythic,Multicolored,Not Owned,Non-Foil,mainboard,false,https://cards.scryfall.io/normal/front/3/0/3045053c-9a90-4caa-9096-9256bf007d3a.jpg?1561813306,,,,,false,false
"Raffine, Scheming Seer",3,Legendary Creature — Sphinx Demon,BUW,SNC,213,Mythic,Multicolored,Not Owned,Non-Foil,mainboard,false,https://cards.scryfall.io/normal/front/7/1/716a44b4-f6b0-4f14-a270-6442aed3251f.jpg?1711471750,,,,,false,false
Zur the Enchanter,4,Legendary Creature — Human Wizard,BUW,CSP,135,Rare,Multicolored,Not Owned,Non-Foil,mainboard,false,https://cards.scryfall.io/normal/front/4/b/4b1255e9-c0b8-4757-a857-b27a99dd4930.jpg?1593275574,,,,,false,false
"Nevinyrral, Urborg Tyrant",6,Legendary Creature — Zombie Wizard,BUW,CMR,287,Rare,Multicolored,Not Owned,Non-Foil,mainboard,false,https://cards.scryfall.io/normal/front/7/3/73255848-3112-4508-a66a-d3101a53057e.jpg?1608911208,,,,,false,false
"Kess, Dissident Mage",4,Legendary Creature — Human Wizard,BRU,C17,39,Mythic,Multicolored,Not Owned,Non-Foil,mainboard,false,https://cards.scryfall.io/normal/front/0/1/01711ff6-475c-48c4-91f4-438433f88a95.jpg?1562598121,,,,,false,false
"Nekusar, the Mindrazer",5,Legendary Creature — Zombie Wizard,BRU,C13,201,Mythic,Multicolored,Not Owned,Non-Foil,mainboard,false,https://cards.scryfall.io/normal/front/3/f/3f7f2417-12de-4e57-9714-d878880a1208.jpg?1562908194,,,,,false,false
"Coram, the Undertaker",4,Legendary Creature — Human Warrior,BGR,M3C,11,Mythic,Multicolored,Not Owned,Non-Foil,mainboard,false,https://cards.scryfall.io/normal/front/7/d/7df31ed9-7375-48d3-a344-1b20d1d5037c.jpg?1719466150,,,,,false,false
"Wasitora, Nekoru Queen",5,Legendary Creature — Cat Dragon,BGR,C17,49,Rare,Multicolored,Not Owned,Non-Foil,mainboard,false,https://cards.scryfall.io/normal/front/f/b/fb17f2bf-bd38-40da-a226-65f4c905d9e1.jpg?1562629842,,,,,false,false
"Ziatora, the Incinerator",6,Legendary Creature — Demon Dragon,BGR,SNC,231,Mythic,Multicolored,Not Owned,Non-Foil,mainboard,false,https://cards.scryfall.io/normal/front/b/a/ba4fa4c8-f09f-4d97-a7d1-1b93caf7d4f9.jpg?1664413989,,,,,false,false
"Kitt Kanto, Mayhem Diva",4,Legendary Creature — Cat Bard Druid,GRW,NCC,4,Mythic,Multicolored,Not Owned,Non-Foil,mainboard,false,https://cards.scryfall.io/normal/front/9/b/9b9850d6-49d3-45ec-9a45-75aa0fce9ee5.jpg?1673481666,,,,,false,false
"Ghired, Conclave Exile",5,Legendary Creature — Human Shaman,GRW,C19,42,Mythic,Multicolored,Not Owned,Non-Foil,mainboard,false,https://cards.scryfall.io/normal/front/d/0/d0825bcd-8cf8-498a-a61e-406f136e1f3f.jpg?1568003672,,,,,false,false
"Zacama, Primal Calamity",9,Legendary Creature — Elder Dinosaur,GRW,RIX,174,Mythic,Multicolored,Not Owned,Non-Foil,mainboard,false,https://cards.scryfall.io/normal/front/5/a/5aa75f2b-53c5-47c5-96d2-ab796358a96f.jpg?1555040980,,,,,false,false
Kroxa and Kunoros,6,Legendary Creature — Elder Giant Dog,BRW,MOM,245,Mythic,Multicolored,Not Owned,Non-Foil,mainboard,false,https://cards.scryfall.io/normal/front/1/3/13e4a233-e40b-4e6a-9863-4d0fc052484c.jpg?1682205601,,,,,false,false
"Licia, Sanguine Tribune",8,Legendary Creature — Vampire Soldier,BRW,C17,40,Mythic,Multicolored,Not Owned,Non-Foil,mainboard,false,https://cards.scryfall.io/normal/front/6/4/64eab2ba-ed5e-4757-b42d-c0fc71a96c4c.jpg?1562610809,,,,,false,false
"Kalamax, the Stormsire",4,Legendary Creature — Elemental Dinosaur,GRU,OC20,9,Mythic,Multicolored,Not Owned,Non-Foil,mainboard,false,https://cards.scryfall.io/normal/front/9/7/979e237b-2b38-41c9-ab4d-3f3926dfdd82.jpg?1777877517,,,,,false,false
Rashmi and Ragavan,4,Legendary Creature — Elf Monkey,GRU,MOC,8,Mythic,Multicolored,Not Owned,Non-Foil,mainboard,false,https://cards.scryfall.io/normal/front/3/0/30b2f2fd-8087-4fa8-9eb7-bf9b89a5dfb9.jpg?1682207264,,,,,false,false
"Ghave, Guru of Spores",5,Legendary Creature — Fungus Shaman,BGW,CMD,200,Mythic,Multicolored,Not Owned,Non-Foil,mainboard,false,https://cards.scryfall.io/normal/front/9/1/91194df8-4066-4235-a829-2b688ba4afcb.jpg?1592714068,,,,,false,false
"Myrkul, Lord of Bones",7,Legendary Creature — God,BGW,CLB,287,Rare,Multicolored,Not Owned,Non-Foil,mainboard,false,https://cards.scryfall.io/normal/front/8/2/82824d05-5215-459a-aa73-3c5a6be3d464.jpg?1674137617,,,,,false,false
"Karador, Ghost Chieftain",8,Legendary Creature — Centaur Spirit,BGW,OCMD,207,Mythic,Multicolored,Not Owned,Non-Foil,mainboard,false,https://cards.scryfall.io/normal/front/1/0/104e146a-6acd-4371-a91d-b47aba75a41e.jpg?1562004089,,,,,false,false
"Zinnia, Valley's Voice",3,Legendary Creature — Bird Bard,RUW,BLC,104,Mythic,Multicolored,Not Owned,Non-Foil,mainboard,false,https://cards.scryfall.io/normal/front/6/2/6263bd74-3f44-4206-8d4d-f90c333b601d.jpg?1734533857,,,,,false,false
Elsha of the Infinite,5,Legendary Creature — Djinn Monk,RUW,C19,40,Mythic,Multicolored,Not Owned,Non-Foil,mainboard,false,https://cards.scryfall.io/normal/front/3/b/3b977c0b-07a1-4d16-9fdd-fc0563e0b68e.jpg?1568003657,,,,,false,false
"Narset, Enlightened Master",6,Legendary Creature — Human Monk,RUW,KTK,190,Mythic,Multicolored,Not Owned,Non-Foil,mainboard,false,https://cards.scryfall.io/normal/front/f/2/f210adb7-b389-4672-a3eb-0ced9bfe190c.jpg?1562795852,,,,,false,false
"Sidisi, Brood Tyrant",4,Legendary Creature — Snake Shaman,BGU,KTK,199,Mythic,Multicolored,Not Owned,Non-Foil,mainboard,false,https://cards.scryfall.io/normal/front/f/f/ffa2b070-952e-4242-83bb-3e73135ceeeb.jpg?1562796690,,,,,false,false
The Mimeoplasm,5,Legendary Creature — Ooze,BGU,CMD,210,Mythic,Multicolored,Not Owned,Non-Foil,mainboard,false,https://cards.scryfall.io/normal/front/2/0/20ffedd2-0575-4050-b687-fa1212966c46.jpg?1592714147,,,,,false,false
"Yarok, the Desecrated",5,Legendary Creature — Elemental Horror,BGU,M20,220,Mythic,Multicolored,Not Owned,Non-Foil,mainboard,false,https://cards.scryfall.io/normal/front/a/1/a1001d43-e11b-4e5e-acd4-4a50ef89977f.jpg?1722108823,,,,,false,false
"Kenrith, the Returned King",5,Legendary Creature — Human Noble,W,PLST,ELD-303,Mythic,Multicolored,Not Owned,Non-Foil,mainboard,false,https://cards.scryfall.io/normal/front/0/e/0e259db1-14db-4314-998c-6a076a28d8cb.jpg?1691056044,,,,,false,false
Adarkar Wastes,0,Land,,TDC,338,Rare,Lands,Not Owned,Non-Foil,mainboard,false,https://cards.scryfall.io/normal/front/1/f/1f056e21-63b3-4684-be5b-04ac220c4a52.jpg?1743207420,,,,,false,false
Flooded Strand,0,Land,,MH3,353,Rare,Lands,Not Owned,Non-Foil,mainboard,false,https://cards.scryfall.io/normal/front/7/9/7996ab8e-5fa4-4d39-8c7b-12e4258bf8a9.jpg?1717014323,,,,,false,false
Hallowed Fountain,0,Land — Plains Island,,RVR,280,Rare,Lands,Not Owned,Non-Foil,mainboard,false,https://cards.scryfall.io/normal/front/c/d/cd70adab-39db-4cc9-ae37-a342f9109bec.jpg?1702429810,,,,,false,false
Temple of Enlightenment,0,Land,,TDC,401,Rare,Lands,Not Owned,Non-Foil,mainboard,false,https://cards.scryfall.io/normal/front/2/0/20d3434d-d88e-4d00-84a7-ed027faac70f.jpg?1743207773,,,,,false,false
Tundra,0,Land — Plains Island,,30A,577,Rare,Lands,Not Owned,Non-Foil,mainboard,false,https://cards.scryfall.io/normal/front/0/5/05ab141b-ba27-4127-a973-ff0cd72d2c64.jpg?1664929543,,,,,false,false
Polluted Delta,0,Land,,MH3,356,Rare,Lands,Not Owned,Non-Foil,mainboard,false,https://cards.scryfall.io/normal/front/9/8/98c221d8-fbe4-4901-9f7b-1d04e08b261e.jpg?1717014351,,,,,false,false
Sunken Hollow,0,Land — Island Swamp,,TDC,398,Rare,Lands,Not Owned,Non-Foil,mainboard,false,https://cards.scryfall.io/normal/front/4/4/44f3e367-0dff-4cdb-b23a-52aa57fee946.jpg?1743207761,,,,,false,false
Temple of Deceit,0,Land,,DRC,176,Rare,Lands,Not Owned,Non-Foil,mainboard,false,https://cards.scryfall.io/normal/front/c/a/ca93efca-93a0-4307-b004-ec74ad9841fc.jpg?1738356081,,,,,false,false
Underground Sea,0,Land — Island Swamp,,30A,578,Rare,Lands,Not Owned,Non-Foil,mainboard,false,https://cards.scryfall.io/normal/front/2/8/28dee88a-8961-4bf7-8eb2-3d9ae2dab5de.jpg?1664929551,,,,,false,false
Watery Grave,0,Land — Island Swamp,,RVR,291,Rare,Lands,Not Owned,Non-Foil,mainboard,false,https://cards.scryfall.io/normal/front/6/e/6e86eb36-f4cc-4a75-b43a-4dee463a3b33.jpg?1702429828,,,,,false,false
Badlands,0,Land — Swamp Mountain,,30A,570,Rare,Lands,Not Owned,Non-Foil,mainboard,false,https://cards.scryfall.io/normal/front/4/8/4800a492-cc37-40f1-9686-3c36f3410ec1.jpg?1664929490,,,,,false,false
Blood Crypt,0,Land — Swamp Mountain,,RVR,273,Rare,Lands,Not Owned,Non-Foil,mainboard,false,https://cards.scryfall.io/normal/front/0/9/0994aef4-b341-45f4-8881-523565a5956e.jpg?1702429795,,,,,false,false
Bloodstained Mire,0,Land,,MH3,352,Rare,Lands,Not Owned,Non-Foil,mainboard,false,https://cards.scryfall.io/normal/front/6/f/6f941fee-aea1-4afb-ada4-7bbab39c2f6c.jpg?1717014315,,,,,false,false
Smoldering Marsh,0,Land — Swamp Mountain,,TDC,395,Rare,Lands,Not Owned,Non-Foil,mainboard,false,https://cards.scryfall.io/normal/front/a/3/a357b4ad-adb8-4db7-a4dc-2fc3f6b7e2d5.jpg?1743207747,,,,,false,false
Temple of Malice,0,Land,,DSC,310,Rare,Lands,Not Owned,Non-Foil,mainboard,false,https://cards.scryfall.io/normal/front/0/6/06c0383a-ad82-4a22-8f55-2613048e3275.jpg?1726285535,,,,,false,false
Karplusan Forest,0,Land,,TDC,374,Rare,Lands,Not Owned,Non-Foil,mainboard,false,https://cards.scryfall.io/normal/front/2/b/2b45e8e8-4484-4c62-b507-5edb98d77f54.jpg?1743207626,,,,,false,false
Stomping Ground,0,Land — Mountain Forest,,RVR,289,Rare,Lands,Not Owned,Non-Foil,mainboard,false,https://cards.scryfall.io/normal/front/8/7/872301b2-b6e7-4972-a479-66a7e304c1d3.jpg?1702429826,,,,,false,false
Taiga,0,Land — Mountain Forest,,30A,575,Rare,Lands,Not Owned,Non-Foil,mainboard,false,https://cards.scryfall.io/normal/front/6/c/6c44f71f-4125-4ad8-8342-b848c9115cdf.jpg?1664929528,,,,,false,false
Temple of Abandon,0,Land,,TDC,400,Rare,Lands,Not Owned,Non-Foil,mainboard,false,https://cards.scryfall.io/normal/front/d/2/d2ce0759-6b24-41a6-8a24-16cf44dfc162.jpg?1743207768,,,,,false,false
Wooded Foothills,0,Land,,MH3,361,Rare,Lands,Not Owned,Non-Foil,mainboard,false,https://cards.scryfall.io/normal/front/4/9/492fa77b-d103-446f-95d0-e4b11dfac05f.jpg?1717014397,,,,,false,false
Brushland,0,Land,,PLST,BRO-259,Rare,Lands,Not Owned,Non-Foil,mainboard,false,https://cards.scryfall.io/normal/front/6/d/6de242ab-fab3-43f0-b8b4-6f323109eeaf.jpg?1733169830,,,,,false,false
Savannah,0,Land — Forest Plains,,30A,573,Rare,Lands,Not Owned,Non-Foil,mainboard,false,https://cards.scryfall.io/normal/front/a/4/a4bea0a9-4b27-4a71-83b9-d620c5cd7f6c.jpg?1664929513,,,,,false,false
Temple Garden,0,Land — Forest Plains,,RVR,290,Rare,Lands,Not Owned,Non-Foil,mainboard,false,https://cards.scryfall.io/normal/front/1/8/18d2e383-d380-4d18-8aad-bd8ea093a16c.jpg?1702429828,,,,,false,false
Temple of Plenty,0,Land,,TDC,405,Rare,Lands,Not Owned,Non-Foil,mainboard,false,https://cards.scryfall.io/normal/front/d/e/de1f7e5e-a503-4f99-91a1-2fdabb7d5e89.jpg?1743207789,,,,,false,false
Windswept Heath,0,Land,,MH3,360,Rare,Lands,Not Owned,Non-Foil,mainboard,false,https://cards.scryfall.io/normal/front/2/6/26343f80-4d60-407a-a44a-ee6295d2e5ec.jpg?1717014388,,,,,false,false
Godless Shrine,0,Land — Plains Swamp,,RVR,277,Rare,Lands,Not Owned,Non-Foil,mainboard,false,https://cards.scryfall.io/normal/front/9/e/9e26f6ad-c1b8-4ec6-a179-e86ce09824c1.jpg?1702429803,,,,,false,false
Isolated Chapel,0,Land,,TDC,373,Rare,Lands,Not Owned,Non-Foil,mainboard,false,https://cards.scryfall.io/normal/front/2/3/2358a441-4ef7-469c-bb9c-c6ff4d719658.jpg?1759887351,,,,,false,false
Marsh Flats,0,Land,,MH2,248,Rare,Lands,Not Owned,Non-Foil,mainboard,false,https://cards.scryfall.io/normal/front/9/d/9db3ba6d-eb7f-4f5b-9a3b-c6239c3baa42.jpg?1738703598,,,,,false,false
Scrubland,0,Land — Plains Swamp,,30A,574,Rare,Lands,Not Owned,Non-Foil,mainboard,false,https://cards.scryfall.io/normal/front/a/6/a66a4b4d-236c-48b7-aad2-396822936a42.jpg?1664929520,,,,,false,false
Temple of Silence,0,Land,,TDC,406,Rare,Lands,Not Owned,Non-Foil,mainboard,false,https://cards.scryfall.io/normal/front/4/1/41393bce-01c1-4268-907e-de0fa8a76719.jpg?1743207789,,,,,false,false
Scalding Tarn,0,Land,,MH2,254,Rare,Lands,Not Owned,Non-Foil,mainboard,false,https://cards.scryfall.io/normal/front/7/1/71e491c5-8c07-449b-b2f1-ffa052e6d311.jpg?1738703652,,,,,false,false
Shivan Reef,0,Land,,TDC,393,Rare,Lands,Not Owned,Non-Foil,mainboard,false,https://cards.scryfall.io/normal/front/a/6/a67ddfae-746f-4952-8064-7d48f9f22981.jpg?1743207735,,,,,false,false
Steam Vents,0,Land — Island Mountain,,RVR,288,Rare,Lands,Not Owned,Non-Foil,mainboard,false,https://cards.scryfall.io/normal/front/6/6/66d618f4-443c-4a6c-8cbd-5d4ea96b2cd4.jpg?1702429824,,,,,false,false
Temple of Epiphany,0,Land,,TDC,402,Rare,Lands,Not Owned,Non-Foil,mainboard,false,https://cards.scryfall.io/normal/front/7/0/700b88b4-c461-45c8-90cb-9626c5c8338f.jpg?1743207775,,,,,false,false
Volcanic Island,0,Land — Island Mountain,,30A,579,Rare,Lands,Not Owned,Non-Foil,mainboard,false,https://cards.scryfall.io/normal/front/c/8/c86093b5-846f-43b1-9e23-6dd971003814.jpg?1664929558,,,,,false,false
Bayou,0,Land — Swamp Forest,,30A,571,Rare,Lands,Not Owned,Non-Foil,mainboard,false,https://cards.scryfall.io/normal/front/5/6/5666a520-6903-4609-92ca-e1842214272a.jpg?1664929498,,,,,false,false
Llanowar Wastes,0,Land,,TDC,376,Rare,Lands,Not Owned,Non-Foil,mainboard,false,https://cards.scryfall.io/normal/front/9/c/9cb4ae53-8a0d-4eaf-900a-1ee6ec20a5df.jpg?1743207638,,,,,false,false
Overgrown Tomb,0,Land — Swamp Forest,,RVR,283,Rare,Lands,Not Owned,Non-Foil,mainboard,false,https://cards.scryfall.io/normal/front/4/a/4a297ec1-0a7c-4f67-936b-d9227767e989.jpg?1702429815,,,,,false,false
Temple of Malady,0,Land,,TDC,403,Rare,Lands,Not Owned,Non-Foil,mainboard,false,https://cards.scryfall.io/normal/front/e/6/e60eb891-c06b-4a98-be3c-73e244405b45.jpg?1743207781,,,,,false,false
Verdant Catacombs,0,Land,,MH2,260,Rare,Lands,Not Owned,Non-Foil,mainboard,false,https://cards.scryfall.io/normal/front/9/4/94c229ea-90da-4aa0-bfda-b162fb3b5b8b.jpg?1738703665,,,,,false,false
Arid Mesa,0,Land,,MH2,244,Rare,Lands,Not Owned,Non-Foil,mainboard,false,https://cards.scryfall.io/normal/front/2/5/25ac5405-df7b-4097-914a-022cb18e20d4.jpg?1738703645,,,,,false,false
Battlefield Forge,0,Land,,TDC,340,Rare,Lands,Not Owned,Non-Foil,mainboard,false,https://cards.scryfall.io/normal/front/f/0/f09bf0b7-45fa-4315-b393-f3ec0303c0c2.jpg?1743207432,,,,,false,false
Plateau,0,Land — Mountain Plains,,30A,572,Rare,Lands,Not Owned,Non-Foil,mainboard,false,https://cards.scryfall.io/normal/front/1/e/1e955934-b174-4bcf-8e30-424bb370747a.jpg?1664929506,,,,,false,false
Sacred Foundry,0,Land — Mountain Plains,,RVR,285,Rare,Lands,Not Owned,Non-Foil,mainboard,false,https://cards.scryfall.io/normal/front/8/0/8076a8c3-7c6c-4636-b5d8-9b09ee95f92c.jpg?1702429818,,,,,false,false
Temple of Triumph,0,Land,,TDC,407,Rare,Lands,Not Owned,Non-Foil,mainboard,false,https://cards.scryfall.io/normal/front/5/6/56f75be9-7373-4ceb-850d-425ef3be9bfc.jpg?1743207796,,,,,false,false
Breeding Pool,0,Land — Forest Island,,RVR,275,Rare,Lands,Not Owned,Non-Foil,mainboard,false,https://cards.scryfall.io/normal/front/9/b/9b35c030-029d-4286-ab79-0165c8688c6c.jpg?1702429800,,,,,false,false
Misty Rainforest,0,Land,,MH2,250,Rare,Lands,Not Owned,Non-Foil,mainboard,false,https://cards.scryfall.io/normal/front/8/8/88231c0d-0cc8-44ec-bf95-81d1710ac141.jpg?1738703648,,,,,false,false
Temple of Mystery,0,Land,,TDC,404,Rare,Lands,Not Owned,Non-Foil,mainboard,false,https://cards.scryfall.io/normal/front/a/f/af2de306-8a58-43fe-a0fe-dc8a545b8630.jpg?1743207782,,,,,false,false
Tropical Island,0,Land — Forest Island,,30A,576,Rare,Lands,Not Owned,Non-Foil,mainboard,false,https://cards.scryfall.io/normal/front/7/a/7ac0058d-52aa-4a77-a4a4-0fd9e4d069bb.jpg?1664929536,,,,,false,false
Yavimaya Coast,0,Land,,TDC,413,Rare,Lands,Not Owned,Non-Foil,mainboard,false,https://cards.scryfall.io/normal/front/9/f/9f98bf0c-74cf-49da-8b60-b2d3ac294a82.jpg?1743207818,,,,,false,false
Black Dragon Gate,0,Land — Gate,,PLST,CLB-347,Common,Lands,Not Owned,Non-Foil,mainboard,false,https://cards.scryfall.io/normal/front/a/2/a28c674c-ae89-416e-bac6-edfd9f24ee7b.jpg?1733169880,,,,,false,false
Cliffgate,0,Land — Gate,,PLST,CLB-350,Common,Lands,Not Owned,Non-Foil,mainboard,false,https://cards.scryfall.io/normal/front/e/f/efcc59e2-5976-4895-89f5-a80fd57a0fe2.jpg?1733169896,,,,,false,false
Evolving Wilds,0,Land,,TDM,255,Common,Lands,Not Owned,Non-Foil,mainboard,false,https://cards.scryfall.io/normal/front/6/2/62209251-4118-4843-895b-46afb7284c75.jpg?1743205007,,,,,false,false
Evolving Wilds,0,Land,,TDM,255,Common,Lands,Not Owned,Non-Foil,mainboard,false,https://cards.scryfall.io/normal/front/6/2/62209251-4118-4843-895b-46afb7284c75.jpg?1743205007,,,,,false,false
Exotic Orchard,0,Land,,TDC,360,Rare,Lands,Not Owned,Non-Foil,mainboard,false,https://cards.scryfall.io/normal/front/c/2/c2ea2395-4518-4683-8eed-59c43fb3328a.jpg?1743207546,,,,,false,false
Exotic Orchard,0,Land,,TDC,360,Rare,Lands,Not Owned,Non-Foil,mainboard,false,https://cards.scryfall.io/normal/front/c/2/c2ea2395-4518-4683-8eed-59c43fb3328a.jpg?1743207546,,,,,false,false
Fabled Passage,0,Land,,BLB,252,Rare,Lands,Not Owned,Non-Foil,mainboard,false,https://cards.scryfall.io/normal/front/8/8/8809830f-d8e1-4603-9652-0ad8b00234e9.jpg?1721427315,,,,,false,false
Gate to the Citadel,0,Land — Plains Gate,,HBG,80,Uncommon,Lands,Not Owned,Non-Foil,mainboard,false,https://cards.scryfall.io/normal/front/9/8/985d1b57-42e0-41a2-a9c6-2f5427c0c1c9.jpg?1722120657,,,,,false,false
Manor Gate,0,Land — Gate,,PLST,CLB-356,Common,Lands,Not Owned,Non-Foil,mainboard,false,https://cards.scryfall.io/normal/front/0/8/08a1a78c-f715-4d92-a428-bcc409bdbd79.jpg?1733169920,,,,,false,false
Path of Ancestry,0,Land,,TDC,382,Common,Lands,Not Owned,Non-Foil,mainboard,false,https://cards.scryfall.io/normal/front/b/8/b8504812-fcf5-47d3-977d-1d9a11231fd0.jpg?1743207676,,,,,false,false
Path of Ancestry,0,Land,,TDC,382,Common,Lands,Not Owned,Non-Foil,mainboard,false,https://cards.scryfall.io/normal/front/b/8/b8504812-fcf5-47d3-977d-1d9a11231fd0.jpg?1743207676,,,,,false,false
Prismatic Vista,0,Land,,ZNE,27,Mythic,Lands,Not Owned,Non-Foil,mainboard,false,https://cards.scryfall.io/normal/front/1/a/1ac01fff-4de6-4783-9489-4127e25bc641.jpg?1604195880,,,,,false,false
Sea Gate,0,Land — Gate,,PLST,CLB-359,Common,Lands,Not Owned,Non-Foil,mainboard,false,https://cards.scryfall.io/normal/front/d/f/dfc51143-c2cb-4cb6-836e-662bc1b15afb.jpg?1733169936,,,,,false,false
Terramorphic Expanse,0,Land,,TDC,408,Common,Lands,Not Owned,Non-Foil,mainboard,false,https://cards.scryfall.io/normal/front/9/f/9ff6e014-4811-44df-a7f8-a667a4a01f4f.jpg?1743207797,,,,,false,false
Terramorphic Expanse,0,Land,,TDC,408,Common,Lands,Not Owned,Non-Foil,mainboard,false,https://cards.scryfall.io/normal/front/9/f/9ff6e014-4811-44df-a7f8-a667a4a01f4f.jpg?1743207797,,,,,false,false
Thriving Bluff,0,Land,,J25,775,Common,Lands,Not Owned,Non-Foil,mainboard,false,https://cards.scryfall.io/normal/front/7/e/7e18fde3-9623-4663-97cf-9f85fc1e03a5.jpg?1730488568,,,,,false,false
Thriving Grove,0,Land,,J25,776,Common,Lands,Not Owned,Non-Foil,mainboard,false,https://cards.scryfall.io/normal/front/b/5/b548551d-756b-496e-a1c0-4fa77707663d.jpg?1730488569,,,,,false,false
Thriving Heath,0,Land,,J25,777,Common,Lands,Not Owned,Non-Foil,mainboard,false,https://cards.scryfall.io/normal/front/6/0/60b9328e-59d1-4013-b7e3-d866e3a4502c.jpg?1730488576,,,,,false,false
Thriving Isle,0,Land,,J25,778,Common,Lands,Not Owned,Non-Foil,mainboard,false,https://cards.scryfall.io/normal/front/4/8/48ffa526-85a6-4a1e-a495-b5c5322244d8.jpg?1730488577,,,,,false,false
Thriving Moor,0,Land,,J25,779,Common,Lands,Not Owned,Non-Foil,mainboard,false,https://cards.scryfall.io/normal/front/4/8/48760243-5614-46cd-b487-2ec09638921a.jpg?1730488584,,,,,false,false
